ts_utc,fair_value,realised,prompt_proxy,gap,gap_z,view,captured,is_evaluable
2025-07-18 00:00:00+02:00,96.28405807666503,100.93374999999999,87.3269642857143,8.957093790950736,0.7032487488151724,NEUTRAL,-0.0,True
2025-07-19 00:00:00+02:00,61.18129329095368,70.14208333333333,89.19136904761906,-28.01007575666538,-1.388304807632345,SHORT prompt,3.6969047619047615,True
2025-07-20 00:00:00+02:00,63.0674976215627,71.48083333333334,88.88934523809523,-25.82184761653253,-1.212431381216118,SHORT prompt,0.3924999999999841,True
2025-07-21 00:00:00+02:00,106.68622639905341,100.23,88.60220238095238,18.084024018101033,1.2394466201555683,LONG prompt,1.0304761904761932,True
2025-07-22 00:00:00+02:00,76.75856793678157,78.38083333333334,88.85339285714285,-12.094824920361276,-0.45642816406708586,NEUTRAL,-0.0,True
2025-07-23 00:00:00+02:00,63.776948070697706,78.25083333333333,87.07571428571428,-23.298766215016578,-1.062804078177784,SHORT prompt,-1.4737499999999955,True
2025-07-24 00:00:00+02:00,105.21205682259581,102.54833333333333,84.57577380952382,20.63628301307199,1.3819502583196206,LONG prompt,3.6453571428571223,True
2025-07-25 00:00:00+02:00,97.34960322156871,97.42833333333334,85.9952380952381,11.35436512633062,0.8403463919808924,LONG prompt,-0.20642857142857451,True
2025-07-26 00:00:00+02:00,85.09288411465126,91.15875,85.49446428571427,-0.40158017106301713,0.17474788420798065,NEUTRAL,-0.0,True
2025-07-27 00:00:00+02:00,81.66525696884102,79.43166666666666,88.49684523809525,-6.831588269254226,-0.19034990070011834,NEUTRAL,-0.0,True
2025-07-28 00:00:00+02:00,95.79156803129105,94.07583333333334,89.63267857142857,6.158889459862479,0.5528161361969607,NEUTRAL,-0.0,True
2025-07-29 00:00:00+02:00,79.26384092812313,76.9525,88.75351190476191,-9.489670976638777,-0.3566448175217972,NEUTRAL,-0.0,True
2025-07-30 00:00:00+02:00,86.99014867178498,75.9525,88.5494642857143,-1.5593156139293143,0.11055139865531403,NEUTRAL,-0.0,True
2025-07-31 00:00:00+02:00,80.24455052900983,85.52208333333334,88.22113095238096,-7.976580423371132,-0.2698684860358977,NEUTRAL,-0.0,True
2025-08-01 00:00:00+02:00,99.06930260233905,93.19041666666668,85.78880952380952,13.280493078529531,0.9924825800879897,LONG prompt,-23.52749999999999,True
2025-08-02 00:00:00+02:00,75.89127052188759,67.14708333333333,85.18339285714286,-9.292122335255272,-0.36782784448327926,NEUTRAL,-0.0,True
2025-08-03 00:00:00+02:00,59.398108108513064,42.248333333333335,81.75315476190475,-22.35504665339169,-1.136125886248988,SHORT prompt,22.74255952380951,True
2025-08-04 00:00:00+02:00,76.34773208167262,63.45708333333334,76.44125,-0.09351791832737888,0.21609713899035754,NEUTRAL,-0.0,True
2025-08-05 00:00:00+02:00,57.22196536312054,36.04958333333334,72.06714285714285,-14.845177494022316,-0.680464016308948,NEUTRAL,-0.0,True
2025-08-06 00:00:00+02:00,59.79216736205604,61.944583333333334,66.22386904761905,-6.431701685563006,-0.15850630655907189,NEUTRAL,0.0,True
2025-08-07 00:00:00+02:00,76.32348105540318,71.79208333333334,64.2227380952381,12.100742960165078,0.9796216670745519,LONG prompt,10.840238095238092,True
2025-08-08 00:00:00+02:00,75.52934234578107,76.16166666666666,62.26130952380953,13.268032821971545,1.031042741167889,LONG prompt,17.554464285714275,True
2025-08-09 00:00:00+02:00,63.37119317368544,61.42083333333334,59.828630952380955,3.542562221304486,0.4190371935498038,NEUTRAL,0.0,True
2025-08-10 00:00:00+02:00,33.57351507741455,46.80291666666667,59.010595238095235,-25.437080160680686,-1.3664580054900028,SHORT prompt,-20.371547619047632,True
2025-08-11 00:00:00+02:00,89.07032270017685,84.47833333333334,59.66125,29.409072700176843,1.960001795778673,LONG prompt,22.184702380952366,True
2025-08-12 00:00:00+02:00,84.16880491258114,84.95291666666667,62.66428571428571,21.504519198295426,1.438649617217144,LONG prompt,20.189226190476205,True
2025-08-13 00:00:00+02:00,88.22888587833681,99.83208333333333,69.6504761904762,18.578409687860614,1.2342398468986406,LONG prompt,12.836488095238096,True
2025-08-14 00:00:00+02:00,104.03280157574174,105.06166666666667,75.06297619047619,28.96982538526555,1.7843012725261593,LONG prompt,6.163333333333327,True
2025-08-15 00:00:00+02:00,74.91351479154982,73.61416666666666,79.8157738095238,-4.902259017973989,-0.19362372254544422,NEUTRAL,-0.0,True
2025-08-16 00:00:00+02:00,52.21518829303347,60.93291666666667,79.45184523809523,-27.23665694506176,-1.4688816751255565,SHORT prompt,-0.016547619047614148,True
2025-08-17 00:00:00+02:00,62.25612863377514,64.04958333333333,79.38214285714287,-17.126014223367726,-0.8663019588524838,SHORT prompt,-1.07803571428569,True
2025-08-18 00:00:00+02:00,88.96610444733945,91.53125,81.84595238095237,7.120152066387078,0.5460880656215507,NEUTRAL,-0.0,True
2025-08-19 00:00:00+02:00,84.69428031549326,82.38708333333334,82.8535119047619,1.840768410731357,0.23562321351323515,NEUTRAL,-0.0,True
2025-08-20 00:00:00+02:00,86.04124150399433,91.0075,82.4869642857143,3.554277218280035,0.317899767285401,NEUTRAL,-0.0,True
2025-08-21 00:00:00+02:00,86.63147045152556,92.68458333333332,81.22630952380952,5.4051609277160395,0.39916560087194924,NEUTRAL,0.0,True
2025-08-22 00:00:00+02:00,70.17547027114213,73.68583333333333,79.45815476190477,-9.282684490762634,-0.5234655369048339,NEUTRAL,0.0,True
2025-08-23 00:00:00+02:00,58.59549855138176,67.87541666666667,79.46839285714285,-20.872894305761086,-1.235829994154293,SHORT prompt,-11.166428571428582,True
2025-08-24 00:00:00+02:00,65.04895608767397,63.05416666666667,80.46017857142859,-15.411222483754614,-0.8700357058278129,SHORT prompt,-10.506607142857135,True
2025-08-25 00:00:00+02:00,83.96879885436616,89.09041666666667,80.31797619047619,3.6508226638899686,0.3370383905005307,NEUTRAL,0.0,True
2025-08-26 00:00:00+02:00,97.08808884652093,99.78916666666667,79.96928571428573,17.1188031322352,1.1663011425888148,LONG prompt,11.988809523809508,True
2025-08-27 00:00:00+02:00,102.157552051812,104.61874999999999,82.45529761904763,19.702254432764377,1.2813692151023857,LONG prompt,12.688333333333318,True
2025-08-28 00:00:00+02:00,111.66154760953005,115.89166666666667,84.39976190476192,27.26178570476813,1.6751093830313222,LONG prompt,5.18011904761903,True
2025-08-29 00:00:00+02:00,94.4417345838822,94.12416666666667,87.71505952380953,6.726675060072665,0.437197546088039,NEUTRAL,-0.0,True
2025-08-30 00:00:00+02:00,67.65403464704035,70.19916666666667,90.63482142857143,-22.98078678153108,-1.33066002537114,SHORT prompt,4.267261904761895,True
2025-08-31 00:00:00+02:00,59.37770028159238,57.6225,90.96678571428572,-31.589085432693338,-1.7686315128145136,SHORT prompt,3.8497023809523796,True
2025-09-01 00:00:00+02:00,99.2568630326045,101.46125,90.19083333333334,9.066029699271155,0.6160966032246695,NEUTRAL,-0.0,True
2025-09-02 00:00:00+02:00,120.31928663809845,122.08791666666667,91.95809523809523,28.36119140000322,1.6790820496900034,LONG prompt,-3.896964285714276,True
2025-09-03 00:00:00+02:00,52.97777160462672,65.6725,95.14363095238096,-42.16585934775424,-2.3920935489678685,SHORT prompt,4.173214285714295,True
2025-09-04 00:00:00+02:00,79.58400030621735,87.61166666666666,89.57988095238098,-9.995880646163627,-0.5640687100163798,NEUTRAL,0.0,True
2025-09-05 00:00:00+02:00,103.43165809525472,99.91791666666667,85.53988095238095,17.891777142873764,1.0549584416468953,LONG prompt,11.837380952380954,True
2025-09-06 00:00:00+02:00,77.60780774987127,75.44583333333334,86.36755952380953,-8.759751773938262,-0.4901067486764367,NEUTRAL,0.0,True
2025-09-07 00:00:00+02:00,39.343702979661494,42.13,87.11708333333334,-47.77338035367185,-2.5583503107018593,SHORT prompt,-1.649166666666659,True
2025-09-08 00:00:00+02:00,97.66051288899199,123.56208333333332,84.90386904761905,12.756643841372934,0.7691546119157389,LONG prompt,8.08999999999999,True
2025-09-09 00:00:00+02:00,127.08485589602172,142.45291666666665,88.06113095238096,39.02372494364076,2.0923988193338587,LONG prompt,-11.457440476190499,True
2025-09-10 00:00:00+02:00,142.69184404334771,125.95166666666667,90.97041666666667,51.72142737668105,2.5617795287199208,LONG prompt,-31.928214285714283,True
2025-09-11 00:00:00+02:00,69.97882630299294,72.18041666666666,99.58172619047618,-29.602899887483233,-1.4712256366425225,SHORT prompt,47.76964285714285,True
2025-09-12 00:00:00+02:00,58.269553969121155,54.13041666666667,97.3772619047619,-39.10770793564074,-1.8545193992294864,SHORT prompt,46.48666666666666,True
2025-09-13 00:00:00+02:00,57.2492036962692,60.956250000000004,90.83619047619047,-33.58698677992127,-1.5250896992523022,SHORT prompt,33.89547619047618,True
2025-09-14 00:00:00+02:00,69.17195150043337,71.72333333333333,88.76625,-19.594298499566634,-0.8333399134807028,SHORT prompt,32.14690476190476,True
2025-09-15 00:00:00+02:00,20.49033344534227,8.830833333333333,92.99386904761903,-72.50353560227676,-3.017274939862803,SHORT prompt,42.023988095238074,True
2025-09-16 00:00:00+02:00,29.788624232649383,19.522499999999997,76.6036904761905,-46.81506624354111,-1.8102054450527938,SHORT prompt,12.967380952380964,True
2025-09-17 00:00:00+02:00,60.11166672837327,75.34083333333334,59.04220238095238,1.0694643474208902,0.19958206653169264,NEUTRAL,0.0,True
2025-09-18 00:00:00+02:00,54.126388208636534,65.73,51.81208333333333,2.3143048753032076,0.2344550269349892,NEUTRAL,0.0,True
2025-09-19 00:00:00+02:00,74.7422515234011,96.48125,50.89059523809524,23.851656285305857,1.1523963023235964,LONG prompt,27.5307738095238,True
2025-09-20 00:00:00+02:00,51.384509633953115,58.70666666666667,56.940714285714286,-5.5562046517611705,-0.11280931959763663,NEUTRAL,0.0,True
2025-09-21 00:00:00+02:00,35.48521579484389,32.177083333333336,56.61934523809523,-21.13412944325134,-0.7838352573569923,SHORT prompt,-26.455178571428583,True
2025-09-22 00:00:00+02:00,92.76954664144694,97.49583333333334,50.969880952380954,41.79966568906598,1.8636358003316467,LONG prompt,39.96261904761905,True
2025-09-23 00:00:00+02:00,93.9192538153036,103.08749999999999,63.63630952380953,30.282944291494076,1.348681186238086,LONG prompt,32.02041666666666,True
2025-09-24 00:00:00+02:00,65.11295315629435,79.18916666666667,75.57416666666667,-10.461213510372318,-0.33454414534632837,NEUTRAL,0.0,True
2025-09-25 00:00:00+02:00,59.66852267340494,81.81208333333333,76.12392857142858,-16.455405898023642,-0.5748924226513326,NEUTRAL,0.0,True
2025-09-26 00:00:00+02:00,92.97181990404214,94.96083333333333,78.42136904761904,14.550450856423097,0.6991196531901842,NEUTRAL,0.0,True
2025-09-27 00:00:00+02:00,83.17148190220877,92.79916666666666,78.20416666666667,4.967315235542102,0.2941895739389055,NEUTRAL,0.0,True
2025-09-28 00:00:00+02:00,82.44591849808148,87.18291666666666,83.07452380952381,-0.6286053114423282,0.06290013050611279,NEUTRAL,0.0,True
2025-09-29 00:00:00+02:00,112.84485020426528,130.56541666666666,90.93249999999999,21.912350204265294,0.9640831252429318,LONG prompt,-11.76130952380953,True
2025-09-30 00:00:00+02:00,122.92734063973411,136.16625,95.65672619047619,27.27061444925792,1.1636954479749388,LONG prompt,-22.826488095238105,True
2025-10-01 00:00:00+02:00,116.93268734550476,116.57166666666666,100.38226190476189,16.55042544074287,0.7090005351914359,NEUTRAL,-0.0,True
2025-10-02 00:00:00+02:00,93.80197875284695,102.69583333333333,105.72261904761906,-11.920640294772113,-0.45079766020713247,NEUTRAL,-0.0,True
2025-10-03 00:00:00+02:00,46.512633804523624,66.76135416666666,108.70601190476191,-62.193378100238284,-2.3324404151918805,SHORT prompt,35.16029761904761,True
2025-10-04 00:00:00+02:00,13.651527710567423,-0.2911458333333333,104.67751488095237,-91.02598717038495,-3.1087621062659605,SHORT prompt,26.89641369047618,True
2025-10-05 00:00:00+02:00,1.1179673620753747,1.7289583333333332,91.3788988095238,-90.26093144744843,-2.8175403055575465,SHORT prompt,0.6003125000000011,True
2025-10-06 00:00:00+02:00,72.76563713296206,86.17875,79.17119047619049,-6.4055533432284335,-0.05193849614516369,NEUTRAL,0.0,True
2025-10-07 00:00:00+02:00,141.76236868370918,137.9565625,72.83023809523809,68.9321305884711,2.2950506699255206,LONG prompt,37.99559523809525,True
2025-10-08 00:00:00+02:00,127.48956935938999,117.57541666666667,73.08599702380953,54.40357233558046,1.7622433530665262,LONG prompt,40.33700892857141,True
2025-10-09 00:00:00+02:00,96.44243035645462,104.91010416666667,73.22938988095237,23.213040475502254,0.7798155485471006,LONG prompt,44.2149255952381,True
2025-10-10 00:00:00+02:00,81.21429002338054,96.4090625,73.54571428571428,7.668575737666259,0.3170320655822733,NEUTRAL,0.0,True
2025-10-11 00:00:00+02:00,79.83389743434655,90.69125000000001,77.78110119047619,2.052796243870361,0.15444829652110703,NEUTRAL,0.0,True
2025-10-12 00:00:00+02:00,79.70617583011703,89.188125,90.7785863095238,-11.07241047940677,-0.23791689781304529,NEUTRAL,0.0,True
2025-10-13 00:00:00+02:00,121.47947805420404,139.0503125,103.27275297619046,18.206725078013577,0.6816509094181465,NEUTRAL,0.0,True
2025-10-14 00:00:00+02:00,136.96646264769663,156.13677083333332,110.82583333333334,26.140629314363295,0.906965423835969,LONG prompt,-2.307812499999997,True
2025-10-15 00:00:00+02:00,144.78160547840974,145.72458333333333,113.42300595238096,31.358599526028783,1.03399045134143,LONG prompt,-17.523407738095244,True
2025-10-16 00:00:00+02:00,103.92077516343335,100.00114583333334,117.44431547619047,-13.52354031275712,-0.3547872024811225,NEUTRAL,-0.0,True
2025-10-17 00:00:00+02:00,100.8524546947815,104.405625,116.74303571428571,-15.89058101950421,-0.4157840097572814,NEUTRAL,-0.0,True
2025-10-18 00:00:00+02:00,96.24521349489396,95.73979166666668,117.88540178571428,-21.64018829082032,-0.5797256832404141,NEUTRAL,-0.0,True
2025-10-19 00:00:00+02:00,62.879203286770455,75.35479166666667,118.60662202380954,-55.72741873703908,-1.5658540143135693,SHORT prompt,50.562366071428585,True
2025-10-20 00:00:00+02:00,82.23891943995405,82.2634375,116.63043154761905,-34.39151210766501,-0.8966489317420931,SHORT prompt,58.4203886904762,True
2025-10-21 00:00:00+02:00,58.426034439830374,67.8078125,108.51802083333334,-50.091986393502964,-1.3264905549458468,SHORT prompt,52.288245833333335,True
2025-10-22 00:00:00+02:00,118.46080267914607,125.06989583333332,95.8995982142857,22.561204464860367,0.7939272361244624,LONG prompt,-39.8316982142857,True
2025-10-23 00:00:00+02:00,60.26197204027579,82.27239583333333,92.94892857142858,-32.68695653115279,-0.8185826598412799,SHORT prompt,42.216891666666676,True
2025-10-24 00:00:00+02:00,18.952908159771695,32.32125,90.41625,-71.46334184022831,-1.8598228409392334,SHORT prompt,41.52157916666667,True
2025-10-25 00:00:00+02:00,15.397991308594571,11.220208333333332,80.11848214285715,-64.72049083426258,-1.5992212835662485,SHORT prompt,22.52068630952381,True
2025-10-26 00:00:00+02:00,-0.30746173972040586,6.515300000000001,68.04425595238095,-68.35171769210136,-1.6291070684199962,SHORT prompt,5.244912499999991,True
2025-10-27 00:00:00+01:00,53.092817829993976,68.4015625,58.21004285714285,-5.117225027148876,0.1165567870540795,NEUTRAL,0.0,True
2025-10-28 00:00:00+01:00,44.256389126304754,66.67468749999999,56.229775,-11.973385873695243,-0.0640900203903501,NEUTRAL,0.0,True
2025-10-29 00:00:00+01:00,82.56166892542278,87.71885416666667,56.067899999999995,26.493768925422785,0.9692661064383608,LONG prompt,20.469823214285725,True
2025-10-30 00:00:00+01:00,62.16518264080573,69.41083333333334,50.732036904761905,11.433145736043826,0.5368021490760087,NEUTRAL,0.0,True
2025-10-31 00:00:00+01:00,88.41543877993782,93.243125,48.89467083333334,39.52076794660447,1.2783611637971757,LONG prompt,33.71568630952381,True
2025-11-01 00:00:00+01:00,44.74045166304015,47.63104166666667,57.597795833333336,-12.857344170293189,-0.12486006238260912,NEUTRAL,0.0,True
2025-11-02 00:00:00+01:00,76.38081028089923,85.9121875,62.79934345238096,13.581466828518266,0.5754221083949189,NEUTRAL,0.0,True
2025-11-03 00:00:00+01:00,65.54279574726002,78.29458333333334,74.14175595238096,-8.598960205120946,-0.0346067346801391,NEUTRAL,0.0,True
2025-11-04 00:00:00+01:00,81.69914362186834,73.5534375,75.55504464285715,6.14409897901119,0.3769434825011826,NEUTRAL,0.0,True
2025-11-05 00:00:00+01:00,88.45433996625668,93.42760416666665,76.53772321428572,11.916616751970963,0.5252655734395995,NEUTRAL,0.0,True
2025-11-06 00:00:00+01:00,106.41527722876758,106.21052083333335,77.35325892857144,29.062018300196144,0.9640619391753267,LONG prompt,24.015892857142845,True
2025-11-07 00:00:00+01:00,116.41207831586642,110.80458333333333,82.61035714285715,33.80172117300927,1.0766167017135637,LONG prompt,13.563898809523792,True
2025-11-08 00:00:00+01:00,116.39957592466088,106.46479166666667,85.11913690476192,31.280439019898964,1.0152565492016847,LONG prompt,10.473482142857122,True
2025-11-09 00:00:00+01:00,107.88435880518016,99.0046875,93.52395833333334,14.360400471846816,0.5785794223858097,NEUTRAL,-0.0,True
2025-11-10 00:00:00+01:00,115.52693127142868,109.88843750000001,95.39431547619049,20.132615795238195,0.716389896746737,NEUTRAL,-0.0,True
2025-11-11 00:00:00+01:00,100.73108376320731,96.88729166666667,99.90772321428572,0.8233605489215847,0.15891796858004636,NEUTRAL,-0.0,True
2025-11-12 00:00:00+01:00,79.08255892077398,80.32375,103.24113095238097,-24.158572031606994,-0.5511276548663306,NEUTRAL,-0.0,True
2025-11-13 00:00:00+01:00,70.56258919329697,69.84625,101.36915178571428,-30.806562592417308,-0.7314785289569248,NEUTRAL,-0.0,True
2025-11-14 00:00:00+01:00,105.92941972853977,106.73312499999999,96.17425595238095,9.755163776158824,0.3845558777882944,NEUTRAL,0.0,True
2025-11-15 00:00:00+01:00,75.78764264838968,90.70489583333334,95.59261904761904,-19.80497639922936,-0.4934938827345634,NEUTRAL,0.0,True
2025-11-16 00:00:00+01:00,104.39932870988191,101.43624999999999,93.34120535714285,11.05812335273906,0.4087519657745239,NEUTRAL,0.0,True
2025-11-17 00:00:00+01:00,99.77456487668263,94.71447916666666,93.68857142857142,6.085993448111211,0.26076723460096746,NEUTRAL,0.0,True
2025-11-18 00:00:00+01:00,102.9987435168333,101.96520833333334,91.52086309523808,11.477880421595216,0.4267162008243208,NEUTRAL,0.0,True
2025-11-19 00:00:00+01:00,105.41165263360999,102.534375,92.24627976190474,13.165372871705245,0.46639660679522255,NEUTRAL,0.0,True
2025-11-20 00:00:00+01:00,110.23608740130986,125.98635416666667,95.41922619047618,14.816861210833679,0.4975524904082305,NEUTRAL,0.0,True
2025-11-21 00:00:00+01:00,124.60181859481031,146.4821875,103.43924107142857,21.162577523381742,0.7016220462828664,NEUTRAL,0.0,True
2025-11-22 00:00:00+01:00,93.68233332520738,91.2475,109.11767857142857,-15.435345246221189,-0.3664720264575085,NEUTRAL,0.0,True
2025-11-23 00:00:00+01:00,47.762541068849636,71.42635416666667,109.19519345238096,-61.43265238353133,-1.6768958875787074,SHORT prompt,-12.553794642857156,True
2025-11-24 00:00:00+01:00,108.42649932457108,132.36197916666666,104.90806547619049,3.518433848380596,0.21147924765442108,NEUTRAL,0.0,True
2025-11-25 00:00:00+01:00,177.49734354165525,220.5169791666667,110.28627976190477,67.21106377975049,1.9826481045382713,LONG prompt,7.718630952380948,True
2025-11-26 00:00:00+01:00,213.16352001052095,161.51781250000002,127.22224702380952,85.94127298671144,2.35440535034053,LONG prompt,-26.38119047619047,True
2025-11-27 00:00:00+01:00,100.63336532476599,91.17833333333334,135.6484523809524,-35.0150870561864,-0.8815365585608557,SHORT prompt,34.337529761904776,True
2025-11-28 00:00:00+01:00,90.03064384552756,85.04822916666667,130.6758779761905,-40.64523413066293,-0.999117704235032,SHORT prompt,24.5531398809524,True
2025-11-29 00:00:00+01:00,89.45551927488924,90.19322916666665,121.89959821428572,-32.444078939396476,-0.7549281523660902,SHORT prompt,8.885699404761922,True
2025-11-30 00:00:00+01:00,74.22185975661473,84.1484375,121.74898809523812,-47.527128338623385,-1.1188552054425807,SHORT prompt,10.246383928571447,True
2025-12-01 00:00:00+01:00,107.91625679308318,93.43135416666667,123.56642857142859,-15.65017177834541,-0.2751842191687399,NEUTRAL,-0.0,True
2025-12-02 00:00:00+01:00,110.53846171334372,100.37,118.00491071428571,-7.466449000941992,-0.08486704538833373,NEUTRAL,-0.0,True
2025-12-03 00:00:00+01:00,184.0431823836186,164.806875,100.84105654761905,83.20212583599957,2.2837993518969326,LONG prompt,5.611815476190458,True
2025-12-04 00:00:00+01:00,137.93706229362195,124.86104166666667,101.31092261904762,36.62613967457433,1.0124750675906815,LONG prompt,-7.187113095238104,True
2025-12-05 00:00:00+01:00,150.6221596784416,133.28635416666665,106.12273809523809,44.4994215832035,1.1958717294739531,LONG prompt,-16.34257440476189,True
2025-12-06 00:00:00+01:00,80.50135570831235,79.61416666666666,113.0138988095238,-32.51254310121145,-0.9232451681491608,SHORT prompt,26.068437499999987,True
2025-12-07 00:00:00+01:00,76.30229369725258,80.39229166666667,111.50260416666667,-35.20031046941409,-0.9699532034148677,SHORT prompt,22.22793154761905,True
2025-12-08 00:00:00+01:00,63.00488490743138,70.63520833333332,110.96601190476191,-47.96112699733053,-1.2912695349042025,SHORT prompt,20.860491071428584,True
2025-12-09 00:00:00+01:00,94.34153645336526,91.57416666666666,107.70941964285714,-13.367883189491877,-0.29174103149605324,NEUTRAL,-0.0,True
2025-12-10 00:00:00+01:00,85.55702709645514,78.5034375,106.45287202380952,-20.895844927354375,-0.49518610313028333,NEUTRAL,-0.0,True
2025-12-11 00:00:00+01:00,94.52476081467402,94.45552083333332,94.12380952380951,0.4009512908645121,0.1074179316038793,NEUTRAL,0.0,True
2025-12-12 00:00:00+01:00,133.59265992131753,113.4434375,89.7801636904762,43.81249623084133,1.319161402698787,LONG prompt,5.982291666666654,True
2025-12-13 00:00:00+01:00,101.59109357859342,95.91864583333334,86.94546130952381,14.645632269069608,0.5033191342083382,NEUTRAL,0.0,True
2025-12-14 00:00:00+01:00,80.90795405061641,86.20822916666667,89.2746726190476,-8.366718568431196,-0.13076431894771584,NEUTRAL,0.0,True
2025-12-15 00:00:00+01:00,87.25924618002091,87.40270833333334,90.10552083333333,-2.8462746533124204,0.021801654888431145,NEUTRAL,0.0,True
2025-12-16 00:00:00+01:00,116.58063085838431,106.74447916666666,92.50087797619048,24.07975288219383,0.7690040256678986,LONG prompt,-1.4130357142857264,True
2025-12-17 00:00:00+01:00,112.32115300695868,106.39666666666666,94.66806547619048,17.653087530768204,0.5672901747135151,NEUTRAL,-0.0,True
2025-12-18 00:00:00+01:00,73.25480978464762,74.22302083333334,98.6528125,-25.398002715352376,-0.6828408012014142,NEUTRAL,-0.0,True
2025-12-19 00:00:00+01:00,79.93435990319757,70.07041666666667,95.76245535714285,-15.82809545394528,-0.4176588657184783,NEUTRAL,-0.0,True
2025-12-20 00:00:00+01:00,100.94602722227592,103.05697916666666,89.56630952380952,11.379717698466393,0.34988063662150937,NEUTRAL,-0.0,True
2025-12-21 00:00:00+01:00,83.75007441727465,91.56906250000002,90.58607142857143,-6.835997011296783,-0.17509076978801172,NEUTRAL,-0.0,True
2025-12-22 00:00:00+01:00,89.74041808477871,85.55427083333332,91.35190476190476,-1.6114866771260523,-0.035624100432070774,NEUTRAL,-0.0,True
2025-12-23 00:00:00+01:00,73.22519277278923,74.7309375,91.08784226190475,-17.862649489115526,-0.5696834763325931,NEUTRAL,-0.0,True
2025-12-24 00:00:00+01:00,68.36135443153803,69.38437499999999,86.51447916666666,-18.15312473512863,-0.6232440990730134,NEUTRAL,-0.0,True
2025-12-25 00:00:00+01:00,55.25818224537363,69.75135416666667,81.22700892857144,-25.968826683197804,-0.9312932764781267,SHORT prompt,-7.475729166666667,True
2025-12-26 00:00:00+01:00,82.68646803315646,97.53479166666666,80.58819940476191,2.0982686283945498,0.0007675530121278375,NEUTRAL,-0.0,True
2025-12-27 00:00:00+01:00,85.32736187528299,91.44416666666666,84.51168154761903,0.815680327663955,-0.049233379138074636,NEUTRAL,-0.0,True
2025-12-28 00:00:00+01:00,95.33957625051822,92.76677083333334,82.85270833333333,12.486867917184895,0.3503505819396521,NEUTRAL,-0.0,True
2025-12-29 00:00:00+01:00,85.24554080438524,94.34833333333334,83.02380952380952,2.2217312805757246,0.010765879417890072,NEUTRAL,-0.0,True
2025-12-30 00:00:00+01:00,94.40678507809002,87.75999999999999,84.28010416666666,10.126680911423364,0.2968407873986729,NEUTRAL,-0.0,True
2025-12-31 00:00:00+01:00,80.91625210687525,87.31375000000001,86.1413988095238,-5.2251467026485585,-0.23074513004650696,NEUTRAL,-0.0,True
2026-01-01 00:00:00+01:00,15.11559331230245,9.754166666666668,88.7027380952381,-73.58714478293565,-2.3898650213177226,SHORT prompt,1.7334821428571416,True
2026-01-02 00:00:00+01:00,31.237725796677598,54.690416666666664,80.13171130952381,-48.893985512846214,-1.5359241744088599,SHORT prompt,-27.461369047619044,True
2026-01-03 00:00:00+01:00,44.662019345841564,88.6715625,74.0110863095238,-29.34906696368224,-0.8899183201879886,SHORT prompt,-37.01197916666666,True
2026-01-04 00:00:00+01:00,69.53730711922135,94.43583333333333,73.61500000000001,-4.077692880778656,-0.08332062495797782,NEUTRAL,0.0,True
2026-01-05 00:00:00+01:00,128.5294722978564,134.4115625,73.8534375,54.67603479785639,1.7296832322528455,LONG prompt,38.63037202380953,True
2026-01-06 00:00:00+01:00,156.44551081614193,127.42458333333333,79.57675595238095,76.86875486376098,2.307399962411449,LONG prompt,28.61245535714285,True
2026-01-07 00:00:00+01:00,95.41180570845695,99.39666666666666,85.24312499999999,10.16868070845696,0.3257351518538602,NEUTRAL,0.0,True
2026-01-08 00:00:00+01:00,129.237613285852,154.1209375,86.96925595238096,42.268357333471045,1.2626633053061216,LONG prompt,20.79511904761904,True
2026-01-09 00:00:00+01:00,49.33929127036069,78.70031250000001,107.59308035714285,-58.25378908678216,-1.6531592596877682,SHORT prompt,7.35101190476189,True
2026-01-10 00:00:00+01:00,91.41568449738112,97.55666666666667,111.02306547619048,-19.60738097880936,-0.5165078092874805,NEUTRAL,-0.0,True
2026-01-11 00:00:00+01:00,111.47249634189171,95.7759375,112.29236607142857,-0.8198697295368618,0.018196469561640557,NEUTRAL,-0.0,True
2026-01-12 00:00:00+01:00,98.31237212581935,104.34937500000001,112.48380952380953,-14.171437397990175,-0.381224846799907,NEUTRAL,-0.0,True
2026-01-13 00:00:00+01:00,125.76856340647352,105.7084375,108.1892113095238,17.57935209694972,0.5447773446445477,NEUTRAL,0.0,True
2026-01-14 00:00:00+01:00,124.04644718590275,118.13895833333333,105.08690476190476,18.959542423997988,0.5661685236313352,NEUTRAL,0.0,True
2026-01-15 00:00:00+01:00,113.50705239397324,101.46479166666667,107.764375,5.7426773939732385,0.18215999454655762,NEUTRAL,0.0,True
2026-01-16 00:00:00+01:00,99.41936843764402,109.72833333333334,100.24206845238096,-0.8227000147369381,-0.006704388409379048,NEUTRAL,0.0,True
2026-01-17 00:00:00+01:00,115.4233066447718,112.2578125,104.67464285714287,10.748663787628928,0.33260922176480917,NEUTRAL,0.0,True
2026-01-18 00:00:00+01:00,101.18334459422691,109.37260416666668,106.77480654761905,-5.591461953392141,-0.1370527480832711,NEUTRAL,0.0,True
2026-01-19 00:00:00+01:00,128.57395870821532,139.99479166666666,108.71718750000001,19.856771208215307,0.6060516278015512,NEUTRAL,0.0,True
2026-01-20 00:00:00+01:00,153.8011143881799,156.17010416666668,113.80938988095238,39.99172450722753,1.1765891736676843,LONG prompt,8.181249999999991,True
2026-01-21 00:00:00+01:00,129.15461045575591,116.99697916666666,121.01819940476192,8.136411050993999,0.24028636791611996,NEUTRAL,-0.0,True
2026-01-22 00:00:00+01:00,107.1564908308278,105.28072916666667,120.85505952380952,-13.69856869298171,-0.42894984520576557,NEUTRAL,0.0,True
2026-01-23 00:00:00+01:00,99.94324744418616,110.29312499999999,121.40019345238095,-21.45694600819479,-0.6458779051208324,NEUTRAL,0.0,True
2026-01-24 00:00:00+01:00,108.50907660490657,111.95552083333332,121.48087797619048,-12.971801371283917,-0.36599528647018753,NEUTRAL,0.0,True
2026-01-25 00:00:00+01:00,107.76491396030688,111.92833333333333,121.43769345238094,-13.672779492074056,-0.3590356944580982,NEUTRAL,0.0,True
2026-01-26 00:00:00+01:00,130.3323193052407,141.3096875,121.80279761904762,8.529521686193078,0.34963414821317323,NEUTRAL,0.0,True
2026-01-27 00:00:00+01:00,142.64958537500658,130.60614583333333,121.99063988095239,20.658945494054194,0.7248405296821167,NEUTRAL,-0.0,True
2026-01-28 00:00:00+01:00,121.52094798215296,136.82791666666665,118.33864583333332,3.1823021488196446,0.12117734174942688,NEUTRAL,-0.0,True
2026-01-29 00:00:00+01:00,135.84189046810386,132.40229166666668,121.17163690476188,14.670253563341973,0.48405905012869277,NEUTRAL,-0.0,True
2026-01-30 00:00:00+01:00,122.05587852001065,113.68802083333333,125.04614583333333,-2.9902673133226756,-0.1325472809931838,NEUTRAL,-0.0,True
2026-01-31 00:00:00+01:00,100.084679476121,109.38927083333334,125.53113095238095,-25.446451476259952,-0.8929805159414318,SHORT prompt,17.020416666666662,True
2026-02-01 00:00:00+01:00,105.70651050199756,108.58666666666666,125.1645238095238,-19.458013307526244,-0.6746197728026793,NEUTRAL,-0.0,True
2026-02-02 00:00:00+01:00,96.77902856218135,107.74333333333334,124.68714285714286,-27.908114294961507,-0.9552693049128251,SHORT prompt,17.091860119047624,True
2026-02-03 00:00:00+01:00,86.79873303769062,98.47604166666667,119.89194940476192,-33.09321636707129,-1.11776168396342,SHORT prompt,7.791592261904782,True
2026-02-04 00:00:00+01:00,110.93733407911948,102.95437500000001,115.30193452380954,-4.364600444690055,-0.049599657355504645,NEUTRAL,-0.0,True
2026-02-05 00:00:00+01:00,110.12757550123503,110.54197916666668,110.46285714285715,-0.3352816416221174,0.08325283549970913,NEUTRAL,0.0,True
2026-02-06 00:00:00+01:00,120.66101125192382,121.88333333333333,107.33995535714287,13.321055894780955,0.5866344972562374,NEUTRAL,0.0,True
2026-02-07 00:00:00+01:00,116.85982472227681,107.51552083333333,108.51071428571429,8.349110436562526,0.3752679922674519,NEUTRAL,0.0,True
2026-02-08 00:00:00+01:00,106.77998085771357,104.05239583333334,108.24303571428572,-1.4630548565721568,-0.027332151333692687,NEUTRAL,0.0,True
2026-02-09 00:00:00+01:00,135.02055876413434,139.27885416666666,107.59528273809524,27.4252760260391,1.096339918486006,LONG prompt,2.0938244047619037,True
2026-02-10 00:00:00+01:00,122.72527306038091,116.84510416666666,112.10035714285713,10.62491591752378,0.46604746506047606,NEUTRAL,-0.0,True
2026-02-11 00:00:00+01:00,117.86486429867612,112.53614583333332,114.72450892857144,3.140355370104686,0.17119537337861174,NEUTRAL,-0.0,True
2026-02-12 00:00:00+01:00,110.94313996347853,104.544375,116.09333333333333,-5.150193369854804,-0.16794162314750918,NEUTRAL,-0.0,True
2026-02-13 00:00:00+01:00,114.44337186465789,106.84072916666666,115.23653273809522,-0.7931608734373299,0.007799308213288284,NEUTRAL,-0.0,True
2026-02-14 00:00:00+01:00,108.53476432691491,103.53916666666667,113.08758928571426,-4.552824958799349,-0.12677482509795926,NEUTRAL,-0.0,True
2026-02-15 00:00:00+01:00,78.77289087194076,84.23937500000001,112.51953869047618,-33.74664781853542,-1.277665558207909,SHORT prompt,22.05255952380952,True
2026-02-16 00:00:00+01:00,94.58776710977476,94.84375,109.68910714285714,-15.10134003308238,-0.5293937871290997,NEUTRAL,-0.0,True
2026-02-17 00:00:00+01:00,110.34146343231622,97.57989583333334,103.34123511904762,7.000228313268593,0.35885127646482784,NEUTRAL,-0.0,True
2026-02-18 00:00:00+01:00,125.59368857890907,114.15333333333332,100.58906249999998,25.004626078909084,1.0782643508742455,LONG prompt,-15.829032738095222,True
2026-02-19 00:00:00+01:00,96.97817066713894,92.93906249999999,100.82008928571427,-3.8419186185753347,-0.09557654831717996,NEUTRAL,-0.0,True
2026-02-20 00:00:00+01:00,88.32072615090642,86.99885416666666,99.1621875,-10.841461349093578,-0.37329800979296385,NEUTRAL,-0.0,True
2026-02-21 00:00:00+01:00,45.50529164774363,62.51458333333333,96.32763392857143,-50.8223422808278,-1.9172708118920465,SHORT prompt,19.94299107142858,True
2026-02-22 00:00:00+01:00,29.652942535881646,53.861875,90.46697916666666,-60.81403663078501,-2.1939119168555163,SHORT prompt,15.390967261904763,True
2026-02-23 00:00:00+01:00,50.529269758357714,68.05885416666666,86.1273363095238,-35.598066551166085,-1.2245810143618312,SHORT prompt,11.18383928571427,True
2026-02-24 00:00:00+01:00,128.03062405708235,114.79364583333334,82.30092261904761,45.72970143803474,1.7608292230773186,LONG prompt,-3.813690476190473,True
2026-02-25 00:00:00+01:00,104.46397530689791,93.6565625,84.76002976190476,19.703945544993147,0.7916803260150882,LONG prompt,-7.45410714285714,True
2026-02-26 00:00:00+01:00,79.16222190013806,76.8853125,81.83191964285713,-2.669697742719066,-0.014414034651513415,NEUTRAL,0.0,True
2026-02-27 00:00:00+01:00,65.98430920042766,64.92166666666667,79.5385267857143,-13.554217585286636,-0.4019178032572114,NEUTRAL,0.0,True
2026-02-28 00:00:00+01:00,54.08986367601417,53.354166666666664,76.38464285714285,-22.294779181128682,-0.6994220548295262,NEUTRAL,0.0,True
2026-03-01 00:00:00+01:00,54.807080969698795,52.934270833333336,75.07601190476191,-20.268930935063118,-0.6145831837790464,NEUTRAL,0.0,True
2026-03-02 00:00:00+01:00,84.49730844626083,92.86500000000001,74.94349702380953,9.553811422451304,0.4418999734654156,NEUTRAL,0.0,True
2026-03-03 00:00:00+01:00,100.29333815401525,106.52447916666667,78.48723214285714,21.806106011158107,0.8868800731232632,LONG prompt,41.17834821428572,True
2026-03-04 00:00:00+01:00,108.21387786536236,147.3996875,77.3059226190476,30.907955246314756,1.2030784523821743,LONG prompt,47.13078869047621,True
2026-03-05 00:00:00+01:00,95.92463111140744,110.85510416666666,84.98351190476191,10.941119206645524,0.4095053652812128,NEUTRAL,0.0,True
2026-03-06 00:00:00+01:00,112.13666737118251,123.79895833333335,89.83633928571429,22.300328085468223,0.9053872769280612,LONG prompt,18.891294642857133,True
2026-03-07 00:00:00+01:00,102.27956043184768,110.1634375,98.24738095238095,4.032179479466734,0.2350033136502273,NEUTRAL,-0.0,True
2026-03-08 00:00:00+01:00,91.8905633476425,103.13,106.36299107142858,-14.472427723786083,-0.5675423731689083,NEUTRAL,-0.0,True
2026-03-09 00:00:00+01:00,137.68393355309226,135.78739583333333,113.53380952380952,24.150124029282736,1.1839718702933182,LONG prompt,-14.46763392857143,True
2026-03-10 00:00:00+01:00,133.17162014893202,139.92239583333333,119.66558035714286,13.506039791789163,0.6843005453895207,NEUTRAL,-0.0,True
2026-03-11 00:00:00+01:00,86.0143393015508,79.24552083333333,124.43671130952382,-38.42237200797301,-1.7522959639142839,SHORT prompt,36.23552083333334,True
2026-03-12 00:00:00+01:00,68.68350760231665,69.04572916666667,114.70040178571428,-46.016894183397625,-2.0006457592883278,SHORT prompt,25.11925595238094,True
2026-03-13 00:00:00+01:00,53.958538864135505,48.4365625,108.72763392857144,-54.76909506443593,-2.2654292286823594,SHORT prompt,12.753794642857159,True
2026-03-14 00:00:00+01:00,112.00848821042138,120.7271875,97.96157738095238,14.046910829468999,0.7225992599680318,NEUTRAL,0.0,True
2026-03-15 00:00:00+01:00,109.08294565768914,100.29843749999999,99.47068452380952,9.612261133879613,0.5394170147953884,NEUTRAL,0.0,True
2026-03-16 00:00:00+01:00,66.0163520019158,73.4978125,99.0661755952381,-33.04982359332229,-1.2786798993172948,SHORT prompt,-7.070074404761911,True
2026-03-17 00:00:00+01:00,118.49456018678308,126.15708333333333,90.16766369047619,28.326896496306887,1.325608302149952,LONG prompt,25.742202380952392,True
2026-03-18 00:00:00+01:00,80.74447718473547,88.90520833333333,88.20119047619048,-7.456713291455003,-0.18105082350714516,NEUTRAL,0.0,True
2026-03-19 00:00:00+01:00,101.20880722920704,113.79458333333334,89.58114583333334,11.627661395873702,0.6170387058109503,NEUTRAL,0.0,True
2026-03-20 00:00:00+01:00,117.40922089937716,143.024375,95.97383928571428,21.435381613662884,1.030862824914363,LONG prompt,2.381398809523816,True
2026-03-21 00:00:00+01:00,119.4288066974744,114.3334375,109.48638392857141,9.942422768902986,0.5801431235249374,NEUTRAL,-0.0,True
2026-03-22 00:00:00+01:00,78.0506736225264,83.24125,108.57299107142856,-30.522317448902157,-1.1419773960094717,SHORT prompt,18.47958333333331,True
2026-03-23 00:00:00+01:00,131.02447442980167,141.913125,106.13625,24.888224429801667,1.2056888198356306,LONG prompt,-18.094573628364387,True
2026-03-24 00:00:00+01:00,70.32067110440289,76.80770833333334,115.90986607142857,-45.589194967025676,-1.7435291223742437,SHORT prompt,39.79280279503105,True
2026-03-25 00:00:00+01:00,39.618990921545745,37.684895833333336,108.85995535714287,-69.24096443559712,-2.5402122056129195,SHORT prompt,26.882847437888202,True
2026-03-26 00:00:00+01:00,77.82616147713564,91.481875,101.54276785714286,-23.71660638000722,-0.738285502034338,NEUTRAL,-0.0,True
2026-03-27 00:00:00+01:00,108.72092014908024,118.52572916666666,98.3552380952381,10.36568205384215,0.5972890420223426,NEUTRAL,0.0,True
2026-03-28 00:00:00+01:00,86.2556939845807,80.99927083333334,94.85543154761906,-8.59973756303836,-0.12826521758879833,NEUTRAL,0.0,True
2026-03-29 00:00:00+01:00,58.044519416736094,68.87913043478261,90.09340773809524,-32.048888321359144,-1.0239641367195216,SHORT prompt,1.3636510093167544,True
2026-03-30 00:00:00+02:00,44.839295763511295,58.44083333333333,88.0416763716356,-43.20238060812431,-1.4070643287292404,SHORT prompt,11.486155538302256,True
2026-03-31 00:00:00+02:00,87.86834574965958,117.82802083333333,76.11706327639752,11.751282473262066,0.7108794043183188,NEUTRAL,-0.0,True
2026-04-01 00:00:00+02:00,150.9405364079416,144.21395833333332,81.97710791925466,68.96342848868694,2.6872630169820044,LONG prompt,-17.327926371635613,True
2026-04-02 00:00:00+02:00,102.84666005785203,114.03500000000001,97.19554541925466,5.651114638597377,0.3749743967458932,NEUTRAL,-0.0,True
2026-04-03 00:00:00+02:00,72.69716172389303,84.63635416666666,100.41742041925465,-27.720258695361622,-0.8376039046055173,SHORT prompt,48.57515851449275,True
2026-04-04 00:00:00+02:00,33.366714578707054,33.074999999999996,95.57608113354037,-62.209366554833316,-2.0176637859476685,SHORT prompt,38.743982919254655,True
2026-04-05 00:00:00+02:00,6.818037126209774,-16.340520833333333,88.72975672877848,-81.91171960256871,-2.5185838367848397,SHORT prompt,29.969503752588004,True
2026-04-06 00:00:00+02:00,30.282015289020013,3.0358333333333327,76.55552083333335,-46.27350554431334,-1.2854275037884115,SHORT prompt,4.070818452380976,True
2026-04-07 00:00:00+02:00,82.5314377843674,89.88864583333333,68.64052083333333,13.890916951034072,0.6939078957233156,NEUTRAL,0.0,True
2026-04-08 00:00:00+02:00,72.02036432098643,86.969375,64.64918154761905,7.37118277336738,0.48007914452696343,NEUTRAL,0.0,True
2026-04-09 00:00:00+02:00,80.08740110849453,81.63114583333333,56.47138392857143,23.616017179923105,0.9926825664981538,LONG prompt,45.01702380952382,True
2026-04-10 00:00:00+02:00,106.23206365307293,119.56520833333333,51.842261904761905,54.38980174831102,1.938103689335054,LONG prompt,53.7963988095238,True
2026-04-11 00:00:00+02:00,47.3902384770144,46.57208333333333,56.832098214285715,-9.441859737271315,-0.08820662626942445,NEUTRAL,0.0,True
2026-04-12 00:00:00+02:00,74.72138907007383,79.73062499999999,58.76025297619048,15.961136093883347,0.7149701107778951,NEUTRAL,0.0,True
2026-04-13 00:00:00+02:00,104.39692935925285,127.30197916666667,72.48470238095237,31.91222697830048,1.1889562180560336,LONG prompt,36.60854166666667,True
2026-04-14 00:00:00+02:00,132.16477881713664,138.08739583333332,90.23700892857143,41.92776988856521,1.454892808570058,LONG prompt,14.62846726190476,True
2026-04-15 00:00:00+02:00,127.01304969730552,117.53041666666667,97.12254464285715,29.89050505444837,1.0548174010582054,LONG prompt,-0.18794642857143629,True
2026-04-16 00:00:00+02:00,110.3981462727371,110.68291666666666,101.48840773809525,8.909738534641846,0.3929764257049588,NEUTRAL,-0.0,True
2026-04-17 00:00:00+02:00,106.97408957528857,104.64916666666666,105.63866071428572,1.3354288610028533,0.151502993944669,NEUTRAL,-0.0,True
2026-04-18 00:00:00+02:00,89.56452655295068,84.5871875,103.50779761904762,-13.94327106609694,-0.3085038320692333,NEUTRAL,-0.0,True
2026-04-19 00:00:00+02:00,75.63082914127897,80.81364583333333,108.93852678571429,-33.30769764443532,-0.8754446870419575,SHORT prompt,38.05130952380952,True
2026-04-20 00:00:00+02:00,80.44760645704767,97.70760416666667,109.09324404761904,-28.64563759057137,-0.7158418538314737,NEUTRAL,-0.0,True
2026-04-21 00:00:00+02:00,87.86603244157925,82.57125,104.86547619047619,-16.999443748896937,-0.35504059262960597,NEUTRAL,-0.0,True
2026-04-22 00:00:00+02:00,74.08467710940293,78.66635416666666,96.93459821428571,-22.84992110488278,-0.5566068819898488,NEUTRAL,-0.0,True
2026-04-23 00:00:00+02:00,59.225678665891074,64.21229166666667,91.38258928571427,-32.1569106198232,-0.8783188192238147,SHORT prompt,35.12622023809523,True
2026-04-24 00:00:00+02:00,62.80986345186758,76.10989583333334,84.74392857142857,-21.93406511956099,-0.5644037452247027,NEUTRAL,-0.0,True
2026-04-25 00:00:00+02:00,22.72302864567048,16.129479166666666,80.66688988095238,-57.9438612352819,-1.6554326890191573,SHORT prompt,34.4589880952381,True
2026-04-26 00:00:00+02:00,36.03200467423692,2.9852083333333312,70.88721726190477,-34.85521258766784,-0.8900337579151401,SHORT prompt,18.57625,True
2026-04-27 00:00:00+02:00,83.91028072486884,98.35489583333333,59.76886904761905,24.141411677249792,0.9653398937791342,LONG prompt,2.825937500000002,True
2026-04-28 00:00:00+02:00,63.03750390320753,70.64510416666667,59.86133928571429,3.1761646174932423,0.29460174616331847,NEUTRAL,0.0,True
2026-04-29 00:00:00+02:00,69.52701372331735,65.35770833333333,58.157604166666665,11.369409556650687,0.5353368080623465,NEUTRAL,0.0,True
2026-04-30 00:00:00+02:00,63.201678426744394,72.06145833333333,56.25636904761905,6.945309379125341,0.38166650181761425,NEUTRAL,0.0,True
2026-05-01 00:00:00+02:00,44.518393523435456,-2.0785416666666645,57.37767857142858,-12.859285047993126,-0.23209422329347507,NEUTRAL,0.0,True
2026-05-02 00:00:00+02:00,20.743577003627333,58.85093749999999,46.207901785714284,-25.46432478208695,-0.6076732172269141,NEUTRAL,0.0,True
2026-05-03 00:00:00+02:00,48.52412576436793,74.97208333333333,52.31096726190476,-3.7868414975368268,0.09942400031200649,NEUTRAL,0.0,True
2026-05-04 00:00:00+02:00,114.80874091070781,131.06291666666667,62.594806547619044,52.21393436308877,1.8256339644260762,LONG prompt,51.33421130952382,True
2026-05-05 00:00:00+02:00,130.9335145315658,128.73041666666668,67.26738095238095,63.66613357918486,2.0931516474496767,LONG prompt,44.97500000000001,True
2026-05-06 00:00:00+02:00,109.83056582827072,122.44458333333334,75.56528273809523,34.26528309017549,1.174864237590112,LONG prompt,31.616369047619045,True
2026-05-07 00:00:00+02:00,129.27849405801805,136.02770833333332,83.7205505952381,45.55794346277996,1.4564449688133738,LONG prompt,22.18964285714287,True
2026-05-08 00:00:00+02:00,108.71819385173801,113.81364583333334,92.85858630952382,15.859607542214192,0.5894723239769285,NEUTRAL,0.0,True
2026-05-09 00:00:00+02:00,86.21215575086542,88.33270833333334,109.41461309523808,-23.20245734437266,-0.5436801397234461,NEUTRAL,-0.0,True
2026-05-10 00:00:00+02:00,65.41779327405443,77.09114583333333,113.62629464285713,-48.2085013688027,-1.2687217258581007,SHORT prompt,15.603526785714266,True
2026-05-11 00:00:00+02:00,109.60992624269329,119.25645833333333,113.92901785714287,-4.319091614449576,-0.002932126005635579,NEUTRAL,-0.0,True
2026-05-12 00:00:00+02:00,71.95118759217965,93.3053125,112.24238095238094,-40.29119336020129,-1.0879615480186362,SHORT prompt,10.562113095238075,True
2026-05-13 00:00:00+02:00,98.02381431903363,113.544375,107.18165178571428,-9.157837466680647,-0.1439140898128525,NEUTRAL,-0.0,True
2026-05-14 00:00:00+02:00,96.74710350616671,94.85083333333334,105.91019345238097,-9.163089946214257,-0.13485812714715542,NEUTRAL,0.0,True
2026-05-15 00:00:00+02:00,100.09039575002255,109.81291666666665,100.02778273809523,0.0626130119273256,0.1267664920255426,NEUTRAL,0.0,True
2026-05-16 00:00:00+02:00,65.72992251897556,78.29833333333333,99.45625,-33.72632748102444,-0.8659757782035341,SHORT prompt,-8.081354166666685,True
2026-05-17 00:00:00+02:00,78.06722704193886,83.003125,98.02276785714287,-19.955540815204003,-0.4414655063068058,NEUTRAL,0.0,True
2026-05-18 00:00:00+02:00,116.99014154427202,138.94697916666667,98.86733630952381,18.122805234748213,0.7062984994225073,NEUTRAL,0.0,True
2026-05-19 00:00:00+02:00,128.01982653719668,128.1185416666667,101.68026785714287,26.339558680053813,0.9499182039901446,LONG prompt,-4.470699404761916,True
2026-05-20 00:00:00+02:00,112.14599024716354,108.898125,106.65358630952382,5.492403937639722,0.3241481188963293,NEUTRAL,-0.0,True
2026-05-21 00:00:00+02:00,106.41481777281932,109.14958333333334,105.9898363095238,0.42498146329552355,0.1564843531856649,NEUTRAL,-0.0,True
2026-05-22 00:00:00+02:00,107.93427577826647,106.34854166666666,108.03251488095238,-0.09823910268590907,0.15429235784008127,NEUTRAL,-0.0,True
2026-05-23 00:00:00+02:00,74.12907494550406,79.7821875,107.53760416666668,-33.408529221162624,-0.8742483981796632,SHORT prompt,16.813988095238116,True
2026-05-24 00:00:00+02:00,60.18605194645618,66.7234375,107.74958333333333,-47.56353138687715,-1.3454677055058144,SHORT prompt,16.156964285714295,True
2026-05-25 00:00:00+02:00,59.52395828054407,81.4465625,105.4239136904762,-45.899955409932126,-1.2678494453118938,SHORT prompt,10.520327380952395,True
2026-05-26 00:00:00+02:00,75.32120647252817,97.86791666666666,97.20956845238095,-21.888361979852775,-0.5074645482445014,NEUTRAL,0.0,True
2026-05-27 00:00:00+02:00,74.57758737597484,84.04510416666666,92.88805059523808,-18.31046321926324,-0.3911979585497537,NEUTRAL,0.0,True
2026-05-28 00:00:00+02:00,100.1279272656072,122.31854166666666,89.33761904761904,10.790308217988155,0.48836331035047786,NEUTRAL,0.0,True
2026-05-29 00:00:00+02:00,96.03689626898095,102.88156250000002,91.21889880952381,4.817997459457146,0.2814167834112181,NEUTRAL,0.0,True
2026-05-30 00:00:00+02:00,74.39726504883456,85.86520833333333,90.72361607142857,-16.32635102259401,-0.368158232903103,NEUTRAL,0.0,True
2026-05-31 00:00:00+02:00,91.38688135487617,89.90020833333334,91.59261904761904,-0.205737692742872,0.18334275300544495,NEUTRAL,0.0,True
2026-06-01 00:00:00+02:00,124.37989415668102,151.8646875,94.9035863095238,29.476307847157216,1.1375773192377558,LONG prompt,0.7124702380952357,True
2026-06-02 00:00:00+02:00,124.82375771373343,122.02083333333333,104.96331845238095,19.860439261352482,0.797044049784393,LONG prompt,-13.292068452380946,True
2026-06-03 00:00:00+02:00,96.49205963264427,102.63583333333334,108.41373511904762,-11.921675486403345,-0.2753019862919998,NEUTRAL,-0.0,True
2026-06-04 00:00:00+02:00,72.37547402611732,61.341145833333336,111.06955357142859,-38.69407954531127,-1.261048693908287,SHORT prompt,20.15159226190478,True
2026-06-05 00:00:00+02:00,94.36774935203584,100.36270833333333,102.35849702380952,-7.990747671773676,-0.2024074847171743,NEUTRAL,-0.0,True
2026-06-06 00:00:00+02:00,90.15588501135063,88.42177083333333,101.9986607142857,-11.842775702935072,-0.32654310903460726,NEUTRAL,,False
2026-06-07 00:00:00+02:00,55.9876634125872,42.665416666666665,102.36388392857144,-46.37622051598424,-1.5132963413518117,SHORT prompt,,False
2026-06-08 00:00:00+02:00,117.3769275708378,124.25104166666667,95.61605654761904,21.760871023218755,0.9050848945153881,LONG prompt,,False
2026-06-09 00:00:00+02:00,93.65265519520803,96.8746875,91.67125,1.9814051952080263,0.24288542940665372,NEUTRAL,,False
2026-06-10 00:00:00+02:00,121.94920663744718,122.50895833333334,88.07894345238095,33.87026318506622,1.3694060382771778,LONG prompt,,False
2026-06-11 00:00:00+02:00,106.06675208550176,112.0634375,90.9179613095238,15.148790775977957,0.6911210996062985,NEUTRAL,,False
