delivery_day,naive_w_ae,naive_w_se,ridge_ae,ridge_se,ridge_hourly_ae,ridge_hourly_se,lgbm_ae,lgbm_se
2025-06-12 00:00:00+02:00,23.011666666666667,1018.145425,12.563377545080021,243.25586429378725,13.850197107116939,285.8001152658214,6.455249953509106,76.80917432394072
2025-06-13 00:00:00+02:00,13.848333333333334,364.13161666666673,26.963536652711863,888.1840220598903,24.222118468557525,754.3012276326876,23.22918662714579,1173.6970327398149
2025-06-14 00:00:00+02:00,25.956666666666663,1022.0542999999999,19.63135526673436,525.034810058268,18.348062114630523,406.65411302704143,16.89931139687305,428.9050024963486
2025-06-15 00:00:00+02:00,39.36666666666667,2205.0498666666667,17.567838471292486,487.5870576445682,10.890703084757172,258.1333001926866,9.433930391576844,193.66032001165732
2025-06-16 00:00:00+02:00,47.934583333333336,3466.9341958333334,20.701683398448907,761.8041319936692,14.485423551952765,340.17229322117925,15.150262769228297,346.8730268845695
2025-06-17 00:00:00+02:00,32.63,2626.1399083333336,16.204472453330183,578.5963923286148,11.70095855627669,338.89823296689934,13.533880077988641,490.5109332324769
2025-06-18 00:00:00+02:00,16.385,563.2524166666666,14.537984979973828,286.6003624651931,13.760776142209268,284.2344354902286,16.598220052574707,586.5219032393326
2025-06-19 00:00:00+02:00,18.14625,472.57705416666676,12.737807910260068,243.83232290585238,14.913727290345227,369.2674817617783,15.78530929822827,411.51856667464835
2025-06-20 00:00:00+02:00,34.96,1720.7432583333332,23.178243388913387,897.3928602847812,17.453124496187232,537.8848695394541,22.9693929782491,941.1789179586032
2025-06-21 00:00:00+02:00,28.28375,1233.9501291666668,14.539817440091745,270.7195213738846,15.429363096699497,302.50307139235855,18.30963976550634,567.5332566643663
2025-06-22 00:00:00+02:00,24.50208333333333,1293.8468458333334,20.4225924770475,517.4897908931215,12.478420284438954,222.07644073602168,13.996311154566442,297.48710068782697
2025-06-23 00:00:00+02:00,42.35916666666667,2687.179775,20.7873228118499,644.776402119906,14.396134785938225,377.82782089661947,15.371768447548869,348.5059054241947
2025-06-24 00:00:00+02:00,37.42583333333334,2309.6161333333334,14.260164157350005,260.454356644637,12.955313399905313,200.842580625296,8.889405307917302,147.72403618365308
2025-06-25 00:00:00+02:00,19.087500000000002,714.2498750000001,25.380795257969137,960.9518187422696,23.753834229011773,742.088592772663,16.399893651414626,504.30644923098413
2025-06-26 00:00:00+02:00,47.359583333333326,4057.4100624999996,18.166718150826853,479.22553936592817,15.356449399130033,362.11193230870595,11.100890743622221,265.7227555317755
2025-06-27 00:00:00+02:00,25.677083333333332,1060.2919791666666,20.83754847675497,586.6639172305786,20.592011908738,513.097060807861,17.66862363945474,397.80051232741727
2025-06-28 00:00:00+02:00,25.892083333333336,892.4857041666669,13.01713539458867,249.28964575351904,14.64593016833885,312.08629468170926,6.617676422458364,54.9566382067322
2025-06-29 00:00:00+02:00,20.441666666666666,894.2013666666667,18.763023437379516,415.3787805318721,20.042549786830666,552.5008750742563,13.63573072286558,235.67414941885022
2025-06-30 00:00:00+02:00,63.68625,6615.157512500001,37.09494516208865,2289.479168559896,26.976397760503477,1266.340989825955,27.18195025220699,1598.9791665851224
2025-07-01 00:00:00+02:00,91.14541666666666,14925.67594583333,50.195689883465604,6557.173048195749,50.20770054452493,6635.2391875312705,50.23355189674154,6299.63685554903
2025-07-02 00:00:00+02:00,34.21791666666667,1645.1259625,20.963025018963446,735.5941305286219,21.934188587448446,724.6837953171695,23.215787100267374,1016.2159619715268
2025-07-03 00:00:00+02:00,20.637083333333333,622.9757958333333,16.953471479099573,387.38382482346816,15.020090156938702,362.7016528769205,19.087738518904697,599.2091357645555
2025-07-04 00:00:00+02:00,16.84125,519.1909291666667,10.029266326113627,158.79597388442838,12.274054080135237,251.8672486800751,7.542647028742661,104.1507964596236
2025-07-05 00:00:00+02:00,6.796250000000001,96.21382916666668,18.665224233948596,385.2381927679487,15.313367617254768,323.8784086927524,11.118742663280054,173.7590763742869
2025-07-06 00:00:00+02:00,21.082083333333333,1074.9393458333332,17.954077051730163,451.6409309106109,11.453010981974543,251.4445536303891,16.019506334597935,557.6708501289615
2025-07-07 00:00:00+02:00,43.765416666666674,3582.6793291666672,19.80553569810049,518.2311243526693,16.995259866531757,466.62299312324103,14.9010832592479,287.5676501348812
2025-07-08 00:00:00+02:00,51.90625,11431.662095833335,10.316905907011984,231.13980575022435,11.691727417914983,270.2628773495634,10.69194129965654,200.40337077284957
2025-07-09 00:00:00+02:00,18.191666666666663,876.0437499999998,12.122438912667375,194.60327027047458,11.776390018491155,259.33758806998435,10.970006362419333,218.70379959778325
2025-07-10 00:00:00+02:00,9.811666666666667,149.83568333333338,13.051910600752265,257.13316385938657,15.460634938396877,359.5611393772512,6.7020684225841665,67.64839733598909
2025-07-11 00:00:00+02:00,20.453750000000003,798.7717708333333,9.894057217136131,185.54003045741123,13.236239973348988,277.68615975770587,6.4763455226908455,106.40232164943428
2025-07-12 00:00:00+02:00,18.497083333333332,877.7706625000001,18.953371382925557,510.01023698317346,17.210245582000365,379.4511382193917,11.413996213907557,158.8249247008701
2025-07-13 00:00:00+02:00,17.36125,524.0594291666666,7.622517359748806,98.56347582451276,10.046468370158323,185.2895556837398,6.559933017769782,71.7257185459678
2025-07-14 00:00:00+02:00,16.454166666666666,429.0718999999999,19.033398749167677,472.31930904494874,16.79637001225135,417.838967138151,15.081090621120927,413.8450722226423
2025-07-15 00:00:00+02:00,6.933750000000001,74.81265416666669,10.63166523690846,176.65030118280507,9.600879315157748,261.83587440288096,12.63578233593019,283.3321613716979
2025-07-16 00:00:00+02:00,8.71625,146.62347083333336,9.797931389471415,139.17572650029348,12.585961497147942,234.2424338884174,5.1715658775438,35.69740768303916
2025-07-17 00:00:00+02:00,6.134583333333333,70.34449583333334,10.720073532942754,174.21737302199972,11.516200063292294,214.05870535359088,10.024029355943975,175.83899752190953
2025-07-18 00:00:00+02:00,13.085833333333333,296.4749583333334,13.94677589868862,245.8190626761693,18.46669243807722,429.5035193854169,9.960758792821716,165.2735068840628
2025-07-19 00:00:00+02:00,5.999166666666667,66.84039166666668,8.311852245059281,100.93635766061693,8.508102030710326,104.2666344413873,10.280371133967916,187.14474186530344
2025-07-20 00:00:00+02:00,10.641666666666666,301.1296833333333,12.62786910345813,294.95712699039,12.64193236499414,249.2493512141319,10.009839640276498,218.44710099045744
2025-07-21 00:00:00+02:00,16.8175,330.49027499999994,14.107119954042034,311.60149396612684,14.591849341302384,284.1390595989688,7.886439698728036,95.55318547826339
2025-07-22 00:00:00+02:00,13.140416666666667,319.55862083333335,11.57431230309962,197.00163030791612,9.733918506067743,160.35624290518106,6.294154865425437,60.69889261559113
2025-07-23 00:00:00+02:00,17.49958333333333,491.0324958333333,16.964650926423946,371.0839387906278,16.910983218792854,384.50808478752054,17.29633638047121,524.5260364182096
2025-07-24 00:00:00+02:00,11.797916666666666,217.99399583333332,18.11448577814763,422.1920536691966,18.171160359341176,484.01221271685966,6.815610680567569,59.21526821525663
2025-07-25 00:00:00+02:00,7.3395833333333345,123.41253750000004,13.080116900698888,244.23308752305897,14.313438056921179,303.34331544540197,5.3606058839103214,43.19395710435287
2025-07-26 00:00:00+02:00,23.2825,1181.6927249999999,6.851465432063481,61.644630840888624,8.53400101802915,115.61730561247155,8.794893473457059,162.64486872606892
2025-07-27 00:00:00+02:00,16.3825,609.0982166666666,9.724943190612187,158.12152680739345,8.363751327727766,89.94139864202725,7.696044370161932,92.8624443058257
2025-07-28 00:00:00+02:00,7.985833333333332,85.5480083333333,14.477536076564425,299.14300469055974,11.883556719169817,218.035539026955,7.920161246525393,92.1715258463347
2025-07-29 00:00:00+02:00,5.809166666666666,55.91353333333333,10.546948589186966,190.73843305927326,12.217708129424095,216.80518271222596,4.523196303988644,38.72196278354077
2025-07-30 00:00:00+02:00,8.341666666666667,92.85090000000001,8.063786000200079,95.71611622503771,9.367720252831289,154.71608951533236,11.21832858787412,218.5764371199441
2025-07-31 00:00:00+02:00,17.026249999999997,372.6313458333332,9.152675395956276,122.60008245447942,8.889548315410176,113.55862220101803,6.18824678877293,81.72914585438818
2025-08-01 00:00:00+02:00,7.185416666666666,106.20006249999999,10.032498091988057,140.31449338138665,9.412443835310702,158.66691911182633,6.195818260295628,69.17291774922093
2025-08-02 00:00:00+02:00,24.016666666666666,1162.328775,20.234681226319275,656.5344146429683,13.688889837918232,389.5749947673166,10.005762531237204,213.17158072314388
2025-08-03 00:00:00+02:00,37.18333333333333,1951.8948916666666,14.979052593778889,399.008188940581,10.205353998366714,231.25534349995158,17.35442931929913,423.4937268134397
2025-08-04 00:00:00+02:00,30.618750000000002,1411.5198125,16.019948166471853,360.179334169595,17.17907002995824,394.2948239493723,19.923616469879963,503.1549806337849
2025-08-05 00:00:00+02:00,40.90291666666666,2294.1614624999997,23.43400198927742,882.4913248112535,24.199755553175127,881.1908448137269,23.51167424235653,947.9507664056404
2025-08-06 00:00:00+02:00,26.364583333333332,1006.2396208333334,18.823422309562257,450.99297311873875,15.769192099284693,275.229340791413,8.318437897986456,126.79609001200204
2025-08-07 00:00:00+02:00,22.331666666666667,1030.1912333333332,13.03896365905129,233.83487892887777,10.057245972003187,135.13613367175847,7.972263441206557,102.03064141331849
2025-08-08 00:00:00+02:00,24.55875,1162.0005875,8.00995993499112,139.3362282585139,8.695750368318278,148.65814119225948,6.596921432739593,104.90289954668036
2025-08-09 00:00:00+02:00,11.628750000000002,329.8809125,11.69168875705531,240.51425739880537,8.937000537454898,147.68305165174445,9.561837969243106,138.81946138392183
2025-08-10 00:00:00+02:00,18.18791666666667,549.8673291666668,15.012075558321923,322.5927581185522,13.866728117170993,268.56114605707455,16.629403531881838,341.721614854383
2025-08-11 00:00:00+02:00,30.16208333333333,1531.1120041666666,23.719492199389233,732.9555266284098,12.665103800503713,249.5461544388368,10.831604265200987,215.77363273349104
2025-08-12 00:00:00+02:00,48.90333333333333,3276.2716416666663,16.647443356154856,405.99550722658927,13.055213325663537,287.30326266115753,12.549601880722506,229.41868600649602
2025-08-13 00:00:00+02:00,38.100833333333334,2192.3276333333333,23.396389655079506,928.4305704517468,22.92453757550481,882.0887121075981,13.606729028280531,294.9962581607955
2025-08-14 00:00:00+02:00,34.10208333333333,2678.2018375,23.031777226813343,867.3037386121194,21.826932713299126,903.6821602797924,7.15894522739807,181.34429891756452
2025-08-15 00:00:00+02:00,8.866666666666667,161.4239,12.627371958083828,314.00257362762534,10.815801375094987,212.86611968635916,7.3281714892552685,105.35362946545575
2025-08-16 00:00:00+02:00,12.60375,265.28805416666665,11.681800957092406,176.49313920528564,11.555897914175686,174.00762787107772,9.307403461670752,151.32645109850827
2025-08-17 00:00:00+02:00,19.12,753.456575,10.101190732718583,168.17649197926553,9.67979435673168,153.45325681723855,7.143191370066873,90.6936456972105
2025-08-18 00:00:00+02:00,11.907083333333334,297.8583291666667,30.28932041506492,1113.2311131606546,20.824995793271253,525.6562337970726,13.815706716698225,249.39673961168094
2025-08-19 00:00:00+02:00,8.583333333333334,143.37701666666666,18.16239882344401,458.19804053892545,12.981809341819536,328.1949354717758,7.261292247777629,118.97735828240009
2025-08-20 00:00:00+02:00,11.987916666666669,659.0484208333334,10.343212686155939,140.4094795197494,8.414140580434502,114.09168844221166,6.147948546084329,82.20491124833585
2025-08-21 00:00:00+02:00,20.977916666666665,2090.601020833333,10.101147435172102,136.81834094164708,11.20951171944147,186.4158190438951,7.315220641449488,86.24328891582216
2025-08-22 00:00:00+02:00,10.234166666666667,180.14895,10.444844463123289,174.47204192092946,7.700786523465411,104.81487248737214,6.258745480343265,81.28533164893946
2025-08-23 00:00:00+02:00,9.408333333333333,250.42214166666668,8.578452871362094,114.65001042610756,9.555813199549977,121.19327958109848,9.45482493252797,193.90599208756245
2025-08-24 00:00:00+02:00,5.787916666666667,67.43229583333333,7.01557017803917,89.42454071752258,6.394084250210903,70.04401364432333,4.0584686153862135,39.161900358411835
2025-08-25 00:00:00+02:00,8.4275,158.97133333333335,23.083601464706035,790.6303821759757,14.904842386386818,429.57375923072476,8.129144259250351,145.12374522609238
2025-08-26 00:00:00+02:00,17.402083333333334,602.6781124999999,15.609177865556923,317.8495055002186,12.05826289839515,227.7233316249434,5.449643744275032,45.13033064180251
2025-08-27 00:00:00+02:00,14.152916666666664,780.7128874999999,13.448359122581806,320.15249513117186,14.619832207535724,325.4172919524306,6.2661272290422785,83.35150000283896
2025-08-28 00:00:00+02:00,24.826249999999998,1152.0150291666666,19.586440916411778,449.47232116889205,18.176468116461994,439.7482462642972,10.357757720483855,201.47518888160127
2025-08-29 00:00:00+02:00,22.098333333333333,901.8630416666666,11.464996071552894,166.0287646502321,12.017571604290426,192.8397622074887,6.948867129824002,85.70055565088217
2025-08-30 00:00:00+02:00,6.08625,69.0256125,12.738979212377926,263.1770079241931,10.565692744310732,150.31126509187283,6.330338365290416,67.77509200201823
2025-08-31 00:00:00+02:00,14.985833333333332,376.700225,9.829838236333407,152.84780473269984,8.443823860064422,109.76966609598526,6.815503875526332,63.08878711769936
2025-09-01 00:00:00+02:00,18.791666666666668,759.8444833333333,19.61401392737834,735.6634368426909,13.148453332105197,454.1124201375656,14.14113484313044,528.3649733496866
2025-09-02 00:00:00+02:00,25.388749999999998,1389.8886208333333,17.55875137763564,733.0638992176832,15.97729514002148,863.3396770669189,8.42227585334326,187.38362546717255
2025-09-03 00:00:00+02:00,39.06458333333333,2734.3084041666666,15.795349341530036,518.8173354926195,13.031812703009015,223.90000725765466,16.01635085758988,344.4607945651184
2025-09-04 00:00:00+02:00,49.24166666666667,3738.54755,26.213773774569074,1900.0589486771084,24.451121009730638,1777.0965427732026,22.336402845709472,1456.2093298274576
2025-09-05 00:00:00+02:00,8.575416666666666,122.71662916666666,15.679317918990511,545.1079589444495,13.178260103463764,334.04629348670113,9.46357400900365,398.70434852375115
2025-09-06 00:00:00+02:00,10.443333333333332,184.9082416666666,10.43415318601996,171.4465636810694,7.004417729715168,91.41033921002808,9.227221041022426,165.08787288262832
2025-09-07 00:00:00+02:00,22.78,824.7502416666666,19.75468402685678,496.65038888684194,14.066580533219158,273.25918408603025,9.016846692912415,178.64077622345454
2025-09-08 00:00:00+02:00,23.346666666666664,1792.8598000000002,37.48839308886087,3995.2126775367087,30.538177044292507,3169.331488026634,26.056845651993225,1872.9526351049474
2025-09-09 00:00:00+02:00,25.044999999999998,1571.7474166666668,24.88287474641548,1374.415847510907,22.97131095862126,1885.0371679363973,20.60865483113719,1592.2254831439593
2025-09-10 00:00:00+02:00,60.27916666666666,5092.58095,9.941464342030775,167.0488030481063,13.728000227066225,404.96410449783167,18.816656003560592,1154.714997793798
2025-09-11 00:00:00+02:00,42.456250000000004,3903.9382124999997,12.563028040765767,327.89769092902435,10.012322982362328,178.80108781871763,8.042475381509254,106.0425795356281
2025-09-12 00:00:00+02:00,45.98083333333333,3104.2576666666664,12.19708891933511,215.22036734090923,14.302617104349602,301.8940419588352,7.933599838134273,89.38984472003152
2025-09-13 00:00:00+02:00,16.16125,413.9438208333332,14.14424939810335,331.5729086511901,10.717784938075667,167.18565695980712,7.545303652075886,90.4034055046012
2025-09-14 00:00:00+02:00,37.211666666666666,2294.595058333334,14.377103960676306,313.3354309066991,13.488259332068539,364.22597715213124,10.920863879042118,226.9228632981366
2025-09-15 00:00:00+02:00,114.73125,17500.27252916667,30.505712194840395,1142.713322413874,24.55801701577744,745.7450685668638,12.600881088220378,251.3726661113404
2025-09-16 00:00:00+02:00,122.93041666666666,18611.27847083333,14.959251090647937,371.83102700821263,14.176591969507726,356.9857123384231,20.391213527478254,555.3695416958195
2025-09-17 00:00:00+02:00,50.61083333333334,3318.8886749999997,18.106880499404692,498.7330168180102,19.907969750819564,564.5992142746757,18.965921296953685,535.8342710162134
2025-09-18 00:00:00+02:00,11.87375,296.2751958333333,11.888794376008178,177.89881165101042,12.945055022441649,216.2206998621521,13.820102436727057,248.63915362708232
2025-09-19 00:00:00+02:00,45.4075,4858.884616666667,29.768403623499253,3410.6365776179723,27.963627000586808,3028.279952081976,27.65004772049767,3208.4635626704744
2025-09-20 00:00:00+02:00,12.60375,264.85943750000007,17.93156057677827,632.2492598266473,17.77109314627056,452.40505789947423,11.878182990041317,225.66416315684305
2025-09-21 00:00:00+02:00,48.217083333333335,3844.9944041666663,26.018745988743742,873.9922332069933,26.283296772956223,951.5797230120816,20.33892772998559,564.5719550760514
2025-09-22 00:00:00+02:00,88.665,7981.9895,17.178577479896724,456.4697439225051,15.16219425184913,415.8529022971531,12.425914009744856,246.07894901489877
2025-09-23 00:00:00+02:00,83.56500000000001,8706.094908333334,10.655289379620635,191.03975016788866,9.985607032856944,138.53562825050236,10.467509114380759,263.8034201940108
2025-09-24 00:00:00+02:00,13.974166666666669,289.8253833333334,13.304804507547244,264.42962780168176,14.757814642761929,289.377806880042,14.431190088585359,349.7156527518767
2025-09-25 00:00:00+02:00,18.927083333333332,651.0273041666666,17.688848291930963,429.0415180168759,16.601024460784704,361.84291665975843,22.143560659928397,622.4899344211887
2025-09-26 00:00:00+02:00,41.28541666666667,5253.924554166667,9.760430283878378,166.7214521251606,7.780932254979767,119.6402610662052,10.282319065552404,167.7777219220091
2025-09-27 00:00:00+02:00,34.28,1911.069966666667,8.671148193661333,114.8363209578738,9.109102013953938,112.68895900101757,9.952884707285515,207.16680321041602
2025-09-28 00:00:00+02:00,55.005833333333335,4490.989166666667,7.408871779562627,74.2870916011371,7.540450476887301,101.69557540003103,7.071712445566103,93.84808212515496
2025-09-29 00:00:00+02:00,33.20375,4816.832612499999,36.419916968127104,3909.525720676513,26.69897299155279,2764.6742917161378,19.543918840616413,1907.2663978685878
2025-09-30 00:00:00+02:00,33.07874999999999,3401.8859874999994,20.025463713187957,760.572521085896,19.682977518875386,979.6308573641096,15.63497867473752,844.8195270861125
2025-10-01 00:00:00+02:00,37.52833333333333,3870.7177494791667,19.34235013879192,585.6801538744203,17.69443649434216,610.6002457017531,10.453848486665729,214.01712057886257
2025-10-02 00:00:00+02:00,23.648749999999996,827.344134375,17.609117207884328,473.5891789697326,15.96784685271277,435.646659011067,13.19870935972123,335.6822352688509
2025-10-03 00:00:00+02:00,29.172604166666662,1392.68694765625,26.58942589877485,860.7123689455494,27.49709527668111,877.3624626937616,22.45585861023784,831.717818179447
2025-10-04 00:00:00+02:00,93.0903125,9237.29942421875,13.709795056913338,298.889815447622,12.761833190044046,226.8180516724508,14.625380525747522,367.13222680563496
2025-10-05 00:00:00+02:00,85.45395833333333,8219.084007291667,11.60563973300208,219.1423595925389,13.740654852756201,263.35538593443306,6.620640225366492,66.71572614359614
2025-10-06 00:00:00+02:00,50.547083333333326,5805.335801041666,20.643397361377254,658.7175208014248,16.55608184760541,465.06822026631704,15.316062692673812,412.1921109092762
2025-10-07 00:00:00+02:00,26.897812500000004,1911.18461328125,29.856397267458444,1213.9586201181648,22.107833475935465,913.2657270615091,11.916725515879586,226.4284383137209
2025-10-08 00:00:00+02:00,21.642916666666668,1316.9863119791669,22.59524402300843,597.4117353733678,18.476904142204635,517.3650918406096,12.708939377062725,648.1797999366887
2025-10-09 00:00:00+02:00,13.98760416666667,405.3340570312502,11.251355068327415,159.7073798657019,9.242171638434678,119.71065205612655,9.081873485290005,115.4430241458932
2025-10-10 00:00:00+02:00,29.660625,1422.4418151041666,13.98637362154409,277.4486270514431,13.407299267622465,231.1724561844453,15.194772476619463,320.3549874720346
2025-10-11 00:00:00+02:00,90.98239583333333,8696.544082552084,9.523632553865006,146.78997986316952,6.779159834371021,59.89256097512588,10.857352565653448,166.52559971532983
2025-10-12 00:00:00+02:00,87.45916666666666,7785.472449479166,9.750508990502533,118.24414848017487,9.161153511297789,122.56815007853906,11.650737213564424,240.09047872049322
2025-10-13 00:00:00+02:00,52.89072916666667,4752.74347734375,32.38832123669571,2177.474601861345,21.77712296684,1158.709812470189,19.13153955618552,1087.104301492272
2025-10-14 00:00:00+02:00,40.60541666666667,4614.4571354166665,24.26000305371525,2373.5523054609052,20.336982093905615,2232.2498432666175,19.877080014216357,858.4579234010397
2025-10-15 00:00:00+02:00,29.790208333333336,1646.2342901041666,25.56800491331852,1258.8647121026518,20.61374742020439,946.2892285434694,10.935263004755853,233.36059765735158
2025-10-16 00:00:00+02:00,9.953333333333335,157.5771661458334,16.262899030386176,570.2797535037337,19.053295225215347,665.06892194994,7.981802752348532,107.25791341092031
2025-10-17 00:00:00+02:00,8.412812500000001,118.80358932291672,6.121028574960299,53.02991247396861,5.992532378220832,85.83664157331326,5.730669408089375,47.41982476386201
2025-10-18 00:00:00+02:00,8.803125,116.6478703125,12.86186663181054,217.01748021198827,15.279446460191513,421.64123354625184,10.79094834371554,196.68435383727152
2025-10-19 00:00:00+02:00,14.0375,390.5448104166667,16.56502020145103,335.0808036632644,13.674194876305839,265.3269690073881,12.47558837989621,228.54036335209173
2025-10-20 00:00:00+02:00,56.92083333333333,5696.674936979166,7.497936827500591,116.24972169805551,6.831784933024288,77.82472948001958,9.908547753552067,116.62682840254467
2025-10-21 00:00:00+02:00,88.32895833333333,11819.230763020832,13.468216768496822,256.8023305098235,9.069476478137155,120.61112958652727,11.700786530536066,242.03659284391998
2025-10-22 00:00:00+02:00,41.3434375,3500.6110903645827,31.58792473600427,1544.8577911071607,29.173216842564557,1239.7056925007942,24.27572195914784,846.5118128973337
2025-10-23 00:00:00+02:00,20.496666666666666,530.6831145833333,18.998763868854407,487.25688437099467,17.928083057096256,414.30313285853885,23.176400511735327,791.5559134767714
2025-10-24 00:00:00+02:00,72.08437500000001,5375.160886458333,11.830000303598633,239.73978162948916,17.528031096943582,397.528560960684,14.667758411933287,431.29406662263415
2025-10-25 00:00:00+02:00,84.51958333333333,7283.611985416667,17.142424318983394,519.3597355251949,14.134295989563268,234.57019741589656,9.27410192218021,125.32200112089555
2025-10-26 00:00:00+02:00,68.6268,5132.997595000001,14.298986816133331,266.5847165847477,18.65957377536583,505.66042229436357,7.936207618013492,169.7945666282385
2025-10-27 00:00:00+01:00,32.488437499999996,1477.3534013020833,28.084629623457786,939.0671803399637,23.87941078335912,720.6196058609431,18.52003476477369,482.6113206240703
2025-10-28 00:00:00+01:00,15.5284375,399.4945075520834,10.369901804843062,159.40696525552417,12.847582329797426,198.50401409756913,23.67616002673648,772.246286072359
2025-10-29 00:00:00+01:00,37.91510416666666,3059.514534114582,12.330647537534523,190.1608370475859,10.945097632737195,184.8657973608002,13.67526507577972,278.9829294339067
2025-10-30 00:00:00+01:00,25.629895833333332,1053.2923033854165,10.416139001731965,202.09430866101715,11.953969959299059,213.77287566882967,13.004014936667758,247.5446518264287
2025-10-31 00:00:00+01:00,61.37229166666666,4181.369784375,8.910305709720134,111.1874899745294,9.040778942567052,116.20866219390462,9.46170102235362,139.27562910360086
2025-11-01 00:00:00+01:00,36.325520833333336,1754.6234231770834,19.646898262725504,513.9825925837582,14.145169681802019,287.8303527817139,15.19455165128329,362.428588001797
2025-11-02 00:00:00+01:00,79.35760416666666,6510.311227864583,18.48589277840223,489.6832894634865,14.415668366980107,271.26536542598154,9.933540894299163,133.63161087016024
2025-11-03 00:00:00+01:00,33.48385416666667,1768.5152783854167,13.329420147116982,261.3031592029695,13.04352208771828,208.27680106593417,17.57261304293542,408.28724862758037
2025-11-04 00:00:00+01:00,18.026458333333334,484.2538630208333,14.89266537114709,412.52584032328264,16.115934102652936,425.36636388546066,11.876001771483793,236.65999272397355
2025-11-05 00:00:00+01:00,9.798541666666667,154.89790572916667,15.170594511565817,310.1749924568907,15.880618704540879,412.1599396718571,8.254814649360537,106.81103313265207
2025-11-06 00:00:00+01:00,36.87927083333333,1982.2353143229166,9.806618137756669,134.60279215097728,10.376706149654796,177.10352888449154,4.283500105953988,30.32419991302014
2025-11-07 00:00:00+01:00,18.538124999999997,523.0634494791666,16.900860347805175,347.67914141815896,17.225412831221927,419.44831497030583,7.142362015122138,110.16648113388085
2025-11-08 00:00:00+01:00,58.83375,3845.7769843749998,14.711007730223097,343.0738241734717,15.026527947820794,368.2090227132878,11.341979302424221,574.5070072050593
2025-11-09 00:00:00+01:00,15.87979166666667,356.3014161458334,14.5310877151714,292.3330471304047,13.240647852363617,225.04296758093048,9.136429392394094,107.73946991444166
2025-11-10 00:00:00+01:00,31.59385416666667,1237.8476398437501,18.38506004034521,431.5371823057121,19.33232630626145,549.2323208716391,9.26237647010904,160.8456506667765
2025-11-11 00:00:00+01:00,24.9296875,1185.75696328125,10.951705348123513,162.12172507899328,15.960850265822012,388.6876512891274,6.316919199009732,67.75522416942756
2025-11-12 00:00:00+01:00,14.121979166666664,282.5257627604166,11.277349987639772,153.52424964411045,7.022684915599371,71.36924922563071,8.109971374862475,113.75928829727862
2025-11-13 00:00:00+01:00,40.06197916666667,2260.951988802083,12.724890441478282,248.66297233433002,11.470227950934387,197.95197079433606,14.554912721493489,288.53263033230536
2025-11-14 00:00:00+01:00,13.636249999999999,344.55354166666666,12.778005376045817,280.8944269465704,12.16389034751563,299.9551865871781,11.11855738066088,174.12183269499428
2025-11-15 00:00:00+01:00,15.840104166666668,298.45505546875006,12.382450435471107,275.76310842626157,13.652151236121668,218.82763251509093,14.977394958171338,337.007169260042
2025-11-16 00:00:00+01:00,4.363020833333334,39.63590651041667,10.584735235417751,137.9326006228625,6.124788047473078,88.88038303839635,4.108078097787785,26.739246896284527
2025-11-17 00:00:00+01:00,17.244375,407.7511489583333,6.8079314440937715,60.62706896255836,8.466717332399819,88.33998421924086,6.299674311687575,80.56209793958688
2025-11-18 00:00:00+01:00,6.054166666666667,88.26278958333337,8.426445237290162,106.29651864668983,13.615909536954971,222.4008990637794,6.318039998035545,49.49488339385271
2025-11-19 00:00:00+01:00,22.210625000000004,562.5023713541667,10.65846013743019,167.7719888312414,10.569976307153723,194.4772056201716,6.682313914714247,65.85709696653775
2025-11-20 00:00:00+01:00,57.08677083333333,4014.050746614583,13.581423679157082,239.1839691025018,9.336426130984421,105.7382218830294,16.284623491272725,389.9672342586883
2025-11-21 00:00:00+01:00,40.3871875,2943.979397135417,23.193150445197663,858.8665598694337,17.87148799597117,566.0913833122424,26.97792151881332,1449.3687368277886
2025-11-22 00:00:00+01:00,14.1353125,244.19894817708334,18.241615405657942,516.249848845727,12.398117703052828,248.4664978439677,7.62621429872749,82.0931258762546
2025-11-23 00:00:00+01:00,30.009895833333335,992.1472705729167,24.61482392334482,701.8809881060896,25.70055954531672,793.2225360409966,23.66381309781703,673.28217923832
2025-11-24 00:00:00+01:00,43.74291666666667,3702.2185953125004,19.2544723997455,919.6839757154726,19.834211971708484,591.9814183947898,30.676228681010954,1839.3685140993996
2025-11-25 00:00:00+01:00,118.55177083333332,22136.19930390625,77.56464160924455,8677.097701392679,64.62041590341744,7306.991793367092,45.66950877953986,4974.355732621587
2025-11-26 00:00:00+01:00,59.12489583333333,6147.095028385417,29.11325906949806,1265.210528371846,23.84811534505943,951.4080973647106,53.33977341372768,5622.712957267354
2025-11-27 00:00:00+01:00,35.51947916666666,1835.842816927083,20.452826715748223,812.7308637010696,17.502559997504473,515.9055314903599,16.348929790670116,363.4854940610397
2025-11-28 00:00:00+01:00,61.43395833333333,5135.122772916667,12.335737508776868,230.37330443561987,9.54229563284783,130.09951637728912,15.896844552822005,326.5131829354621
2025-11-29 00:00:00+01:00,9.379895833333332,117.64273723958331,15.18978470013854,323.552705199228,11.228639055616753,167.08712076378563,6.8351864178651764,67.06864795677367
2025-11-30 00:00:00+01:00,13.816041666666669,227.8650822916667,16.303197614978398,325.2773479140473,12.386807410488409,189.13837899942715,9.926577743385268,141.670222889829
2025-12-01 00:00:00+01:00,49.151041666666664,4336.9332359375,12.616957902330617,224.50024806178973,11.811723327056278,221.43751216167377,15.308768933050613,318.5880840701615
2025-12-02 00:00:00+01:00,120.15260416666666,22687.967237239583,23.021284846961517,822.0359716111296,22.48348734738069,699.7548078188793,10.859096194071304,193.10183210820324
2025-12-03 00:00:00+01:00,10.265729166666667,177.20869973958335,31.210059402083008,1506.1967799923302,24.345601669713176,1130.4767858462023,23.865127393525338,1404.8715494358019
2025-12-04 00:00:00+01:00,33.68270833333333,1531.37030625,22.9083478184083,843.0351316397764,21.91360391219892,943.0349751595099,13.563414619290404,407.5950386359318
2025-12-05 00:00:00+01:00,48.238125,2785.7635374999995,12.74933006556747,209.1274791174222,12.110879390592387,285.9970242356842,17.845385437965593,565.12187682045
2025-12-06 00:00:00+01:00,10.8996875,183.84035911458332,17.63815579787749,514.4864444357737,17.168526938985412,358.43263097885034,7.299296850455512,81.6524579057368
2025-12-07 00:00:00+01:00,12.7990625,242.39733307291672,12.029131334678427,264.3624567341643,8.474703919679564,91.78518541935387,6.578622209994621,60.84324086245141
2025-12-08 00:00:00+01:00,27.497604166666665,1471.8834153645832,11.547589965955785,210.1419399496408,6.118701858946196,66.41055113754038,8.167328102977011,77.82040857735548
2025-12-09 00:00:00+01:00,29.831874999999997,1309.029636458333,14.065761384012243,270.0893661176743,18.81332473363769,473.1192632191458,8.358406231890635,106.06982375955319
2025-12-10 00:00:00+01:00,86.30343750000002,9501.168450260417,19.090721240074608,500.6792385816077,18.50760052590973,468.7567861449818,8.603187417929268,97.37743677068197
2025-12-11 00:00:00+01:00,30.40552083333333,1173.6110903645833,13.723959998862012,251.91920829323053,14.950796936949947,274.6717001407506,6.255938282542914,63.56389720658614
2025-12-12 00:00:00+01:00,22.976041666666664,870.9727687499999,27.22813352808008,787.3712916672915,25.76706531736562,846.751255847228,21.355383406025343,719.835356385011
2025-12-13 00:00:00+01:00,16.304479166666663,290.6707408854166,10.946885148294669,163.93018306013406,6.94319434862561,69.24943442097378,5.8620753284839,54.39388992569653
2025-12-14 00:00:00+01:00,13.553645833333334,245.04863255208338,15.371482413070028,347.1733052334321,15.060957464147847,254.59062580755412,6.455087105876653,55.82995185073097
2025-12-15 00:00:00+01:00,18.518333333333334,898.1345713541667,8.804896372059419,122.63586849240345,15.08249874890913,302.46186506380366,7.580655346275276,92.57354494167983
2025-12-16 00:00:00+01:00,23.102395833333333,881.0188382812499,18.060371268221676,405.01840413668106,22.836849859337168,719.4622691568223,10.554465855636163,168.28451613940823
2025-12-17 00:00:00+01:00,27.893229166666668,1029.1256778645836,18.276099777712073,477.00693226883004,19.80130078005642,654.3567525469127,10.344535451244964,147.15705275421627
2025-12-18 00:00:00+01:00,21.313750000000002,711.7219942708333,14.500097345635302,253.34826791333265,13.56402965143002,275.11133679977536,7.151532798344913,84.45964933237006
2025-12-19 00:00:00+01:00,43.37302083333333,2533.2809882812503,14.472914120767731,309.34990531857346,16.02705049490022,374.68078714514917,9.863943236530908,157.45780752342696
2025-12-20 00:00:00+01:00,8.671666666666667,127.78592083333335,16.985681976829245,366.9856720616245,13.426051090716227,276.8374292889706,4.412131758402548,28.66799668363397
2025-12-21 00:00:00+01:00,9.660208333333332,131.61665833333333,17.746822568265245,392.13388978200277,18.8008737690685,395.7151604956743,8.000852297734893,83.86265958972997
2025-12-22 00:00:00+01:00,4.117187500000001,23.498424218750003,13.580116025730199,252.85766364441676,20.280410007600082,494.9966890306103,9.584747281176892,116.96934149346527
2025-12-23 00:00:00+01:00,32.01354166666667,1476.2807140624998,7.450270568966669,86.56481180564428,9.143997066106335,111.9110492680539,4.314380868713903,26.77516876554031
2025-12-24 00:00:00+01:00,37.01229166666667,1470.3785078125002,9.16649188193171,105.32142710395567,11.144391754434785,161.46290580664598,8.499537177197325,102.29932941163253
2025-12-25 00:00:00+01:00,22.45375,743.6476307291667,14.075897567266304,328.0371704345552,8.906722496908335,114.74340876098485,15.048373828333292,293.6708452695537
2025-12-26 00:00:00+01:00,28.292083333333334,1788.5227552083331,14.787509641084112,294.78393906215473,12.703344579716786,209.19678502455315,14.848323633510214,276.3845462556485
2025-12-27 00:00:00+01:00,14.277604166666668,369.7106184895834,8.24458569339843,103.86476471155254,13.41044126772813,243.63769407943695,7.35197901049377,77.28692586465804
2025-12-28 00:00:00+01:00,12.027083333333332,198.3659552083333,14.470559715681476,279.9684787753279,7.021844940337888,86.91291690408701,5.614588639688775,44.20531938541301
2025-12-29 00:00:00+01:00,9.010104166666665,133.1213294270833,9.44604099310316,122.29321003462273,12.148071120796411,256.8605174582828,9.21432551615889,139.5873514174389
2025-12-30 00:00:00+01:00,13.801770833333334,256.14815703125004,15.98559054330874,304.86590701985375,18.62528735769012,496.0787198435991,6.646785078090022,58.61998235939964
2025-12-31 00:00:00+01:00,17.929375,356.37433177083335,6.699596520386407,79.82846241595149,8.80818610880715,99.57968160969055,7.898650287436361,86.40251418356912
2026-01-01 00:00:00+01:00,59.997187499999995,4051.53337421875,14.284584729661617,338.62532694212223,16.708650605016476,391.25566662670485,11.037446623377944,204.091489440401
2026-01-02 00:00:00+01:00,42.84437499999999,2439.692840625,30.41439904916936,1158.540556166889,29.737603571581246,1165.44560306368,25.69370711922885,962.2050143587343
2026-01-03 00:00:00+01:00,8.134062499999999,94.65304609374998,18.7422972533116,611.6599645754694,22.479574766604674,577.444262114208,44.00954315415843,2031.5207734033338
2026-01-04 00:00:00+01:00,5.047187499999999,34.68532005208333,12.894826863924408,312.3902160020525,12.414964604988546,188.24545631348892,24.89852621411197,759.6104195365566
2026-01-05 00:00:00+01:00,40.063229166666666,2608.4534377604173,20.18981487813524,610.0717380742474,12.72201944552264,322.7049974259723,10.400481235341578,298.42867746878613
2026-01-06 00:00:00+01:00,39.66458333333333,1900.5830145833334,23.794459548409012,668.3850658798432,21.101799493596626,630.1110450004173,29.31623019692316,1379.0865567086223
2026-01-07 00:00:00+01:00,12.082916666666668,173.77323333333337,15.512598793331364,290.8244483033881,17.459270553283694,442.7769139468035,8.650947174018464,99.01785038845837
2026-01-08 00:00:00+01:00,144.36677083333333,26283.16951640625,37.82381953944989,2440.8903461243144,35.08288663357283,2238.0516118274245,33.45214791675681,2191.0611975569045
2026-01-09 00:00:00+01:00,25.956979166666667,1129.3074513020833,24.43896014034006,762.2317158438947,14.992615619967687,337.2189440509453,29.36102122963931,1010.0966853252439
2026-01-10 00:00:00+01:00,14.120520833333332,272.3441768229166,16.106805394615787,437.5855569543318,12.837490804217708,220.12424902000154,18.283561210096305,511.1580058558513
2026-01-11 00:00:00+01:00,6.1740625000000025,54.71817473958336,19.89234557079123,488.56381795902445,15.329779982492793,369.2757114350957,17.46571668792037,404.64469257850374
2026-01-12 00:00:00+01:00,30.062187500000004,1711.0051184895835,11.124053807242122,149.39439522600745,9.316868525905752,109.65067806736926,12.510419009301296,189.6399578869576
2026-01-13 00:00:00+01:00,21.716145833333332,543.9967549479165,20.39307540550506,586.4748929515412,20.931995208169475,651.251658522831,21.865131651878894,771.7537492678915
2026-01-14 00:00:00+01:00,19.80395833333333,759.0601286458333,17.41807635020773,411.896720926718,14.548663204622992,283.5115335435418,15.010411335128348,310.77283485977665
2026-01-15 00:00:00+01:00,55.747395833333336,6172.336578906249,20.818434082973727,487.17187474104367,14.361652428170478,275.44579949182963,12.94961484213483,268.9171279147118
2026-01-16 00:00:00+01:00,31.028020833333333,1470.0625976562499,21.97746901860099,690.0449624162798,13.942353081968955,288.8953352527526,11.761582929475056,203.7009546654164
2026-01-17 00:00:00+01:00,15.151562500000002,355.18804609375,13.182322533829803,227.92238942554738,10.679077524173428,139.71382816211118,7.277845531897544,124.62670253331969
2026-01-18 00:00:00+01:00,13.735625,274.61546718750003,21.92904419066724,603.9349385945778,22.368524319565154,556.5846298214707,9.710316821399337,104.06073616943682
2026-01-19 00:00:00+01:00,38.10375,2072.5347859374997,18.08192260314684,494.61805110359563,12.841016378677901,241.00476947635138,14.733465921631684,375.9126510922124
2026-01-20 00:00:00+01:00,54.39520833333333,4786.6835645833335,23.536979287085583,981.6343135566298,16.5312242040647,660.1076944709044,15.430832546224039,442.2831783325477
2026-01-21 00:00:00+01:00,18.72802083333333,627.0524049479164,18.98639125936474,593.6760312896114,15.975986426107141,413.4138306716868,13.511614043826059,326.1923332586362
2026-01-22 00:00:00+01:00,11.05739583333333,164.88720338541663,7.801864182449255,115.18143789775047,7.461183818387255,80.08414797656427,7.869892528119217,77.43003786594922
2026-01-23 00:00:00+01:00,22.19979166666667,638.8801421875002,15.280856929337775,306.36260386475357,14.353023332105858,233.56668818152698,10.349877555813855,168.41606149844367
2026-01-24 00:00:00+01:00,3.845625,18.951488541666656,10.118935613844728,214.7975105272196,8.383651184039465,94.86215250961402,4.463174449280229,29.924175620558017
2026-01-25 00:00:00+01:00,5.951770833333335,75.60752682291667,9.809194296577765,141.7991680374404,8.87713136750358,122.24206602101232,6.186783868314673,56.26999816327029
2026-01-26 00:00:00+01:00,13.653229166666664,388.6838835937499,14.837069209398244,439.6279071352355,11.229247527068665,217.06080183937306,12.606443907329243,301.9490640726393
2026-01-27 00:00:00+01:00,32.431875,2403.6461536458332,20.567503406708724,512.5936475750001,15.930732243739719,358.3333429112449,14.787786543017118,405.17715100021513
2026-01-28 00:00:00+01:00,21.647395833333334,816.77495703125,15.34027222994988,331.2458103160517,14.600823131921786,281.4370839950035,15.306968684513706,338.353405794556
2026-01-29 00:00:00+01:00,27.1215625,1120.5985424479168,8.28777342018763,89.5502522225512,6.215275283683852,58.11095340469722,6.18325666694535,56.19294859676963
2026-01-30 00:00:00+01:00,7.65302083333333,104.33894921874993,8.152985301516177,100.53564492144541,5.872774875822466,57.2050189377149,8.546011720801227,116.02757639702071
2026-01-31 00:00:00+01:00,5.664583333333333,43.573380729166665,16.300159421653508,413.5061098626242,17.405732521445913,327.70172753669414,9.315350836753078,107.63017986010708
2026-02-01 00:00:00+01:00,4.3616666666666655,35.351531770833326,11.962459975940648,268.9354394084641,12.598666884794326,236.2947942428233,4.299191484707455,27.518369111241114
2026-02-02 00:00:00+01:00,33.56635416666666,1604.5876273437498,13.549543770198833,252.345493346342,13.732044398456331,238.74170333723953,12.521216994443831,201.01056922796977
2026-02-03 00:00:00+01:00,32.13010416666666,1277.73957265625,6.918064016560106,81.7559490387046,9.191170958069067,140.38956082393116,11.677308628976041,164.05002875329856
2026-02-04 00:00:00+01:00,33.87354166666667,1539.3383375,18.756321693515318,467.09218130852497,17.643907296458,398.24984157037323,9.557696171080474,127.98184529551276
2026-02-05 00:00:00+01:00,21.860312500000003,642.4765893229168,12.962142966124558,204.05659624170866,12.982047320784284,234.24540049016426,2.8872815011036557,13.509581708459022
2026-02-06 00:00:00+01:00,9.990104166666669,162.23160598958336,11.800070442407025,176.40217954165067,12.407212503735048,204.24332965927195,6.344024170667919,59.75930642245681
2026-02-07 00:00:00+01:00,6.4987499999999985,56.02815416666666,17.002120449908624,425.60616938377945,13.845422363534233,226.7560321348088,9.344303888943472,130.01420374777342
2026-02-08 00:00:00+01:00,5.480104166666668,39.637016406250005,7.14907539144401,70.41153568280934,5.102803954563021,45.19712648911348,3.3808914645065378,25.65390375852488
2026-02-09 00:00:00+01:00,31.984479166666663,1606.53141640625,16.629472819534932,438.155445360421,7.35781616731651,118.09074509976726,8.057681501671977,83.90488130217582
2026-02-10 00:00:00+01:00,18.748020833333335,461.46156901041667,15.826988037624652,360.31490679012944,15.752581972874275,466.72765318885325,7.647987789399704,112.5872303957064
2026-02-11 00:00:00+01:00,9.581770833333335,151.83044713541668,7.077726589169511,82.79267313528543,9.519294070545492,121.12102390741627,5.8269922977894835,66.85596268919288
2026-02-12 00:00:00+01:00,6.221562499999997,62.39681953124997,7.293196181661194,99.3112955450103,8.030663250741393,97.51718794521527,6.546415134714934,49.73479016523145
2026-02-13 00:00:00+01:00,18.170104166666665,459.3592174479167,20.0911827974889,504.39059908819723,19.086885129038652,489.68835673915504,9.130709587110607,154.48929995846902
2026-02-14 00:00:00+01:00,6.733020833333334,56.71521432291669,16.592337672771194,353.5087869331871,14.677920506376708,237.64104699074915,6.468709613198268,57.83101060591412
2026-02-15 00:00:00+01:00,20.451354166666665,684.7806856770832,15.494857940464769,413.84848571305065,20.646291844812456,534.1102022357557,6.656809689662946,116.92228314566695
2026-02-16 00:00:00+01:00,44.43510416666667,2320.3402783854167,20.459711495485283,481.11441154880794,16.809260057903114,384.1848827636655,17.549982049550056,392.28383858109896
2026-02-17 00:00:00+01:00,19.787916666666664,486.14149322916654,28.27245645540029,987.0857451620363,25.33093008256721,868.2672407874874,13.561763246519783,242.89707534250502
2026-02-18 00:00:00+01:00,11.005104166666667,275.9373377604167,21.996467492069925,588.0200524741264,20.2991895841914,591.7857522514241,12.41949731907087,260.95919370335156
2026-02-19 00:00:00+01:00,11.605312500000002,179.29160859375,14.351660377051898,252.5366342529875,13.939996475764682,222.46606344274485,7.066303466492461,155.2437268215386
2026-02-20 00:00:00+01:00,21.589375,791.5978208333331,9.100446048182725,108.37721782931021,5.208777819354375,38.99597714187117,5.214938499835204,41.30249419004294
2026-02-21 00:00:00+01:00,41.02458333333333,1745.8285005208334,8.77508671955612,166.9402400808176,12.053948901685017,199.04331016243884,18.613378202253646,419.49270995887827
2026-02-22 00:00:00+01:00,30.812708333333333,1337.6190984375,12.938836627978553,339.5089846108874,18.90968250353512,527.1285690520907,27.83967030799064,1121.4299858525812
2026-02-23 00:00:00+01:00,26.941979166666666,1284.9604132812499,12.943187197244953,287.38458139474534,12.553497851566403,210.77335879222846,20.161904807945202,489.21857334272977
2026-02-24 00:00:00+01:00,17.6975,605.203090625,37.098279992576785,1749.4360292101398,39.35964251414605,1976.0544491946455,15.449910734009398,338.3679934888058
2026-02-25 00:00:00+01:00,20.496770833333333,663.9343518229166,19.388727087034052,589.9613276876248,17.14785853406165,418.2047459143152,11.311249923644235,175.05846623199113
2026-02-26 00:00:00+01:00,19.43,776.4049109375001,12.120203444873319,197.04054216335624,7.979880682343477,76.15140188073694,5.6113574792148135,43.834879400823176
2026-02-27 00:00:00+01:00,35.81302083333333,1762.6959544270833,5.278648928623645,54.53704860889954,7.14994914651033,105.9359338471034,6.308399864545724,59.69130313575355
2026-02-28 00:00:00+01:00,30.139166666666668,1188.3751328125002,11.932996333308095,210.39202172544083,8.738494600122337,190.56474165977133,10.880413461553355,157.4993582811522
2026-03-01 00:00:00+01:00,25.462395833333336,882.4728164062502,14.622122268256637,296.9481933291493,10.139144139429783,150.37142239848052,14.020821362558557,292.13623469502085
2026-03-02 00:00:00+01:00,24.870104166666668,1030.5538981770835,21.805062649486175,620.7206463056879,14.664762470987668,321.1375115897727,10.435337730541193,219.78743386375825
2026-03-03 00:00:00+01:00,23.04958333333333,886.2508635416666,12.37366926698286,232.04077618571148,9.518721231598809,147.0789600559819,8.011129133289971,96.13950897145928
2026-03-04 00:00:00+01:00,58.28666666666667,5447.856078125001,28.205510313047398,1846.198089604588,29.551302218317897,1643.4627669645488,39.240801466055366,2121.2830826092654
2026-03-05 00:00:00+01:00,39.723125,1942.2495458333335,8.504259772327885,116.86933824181881,10.302612851690085,150.13333411499815,18.756313648704392,531.2658536849752
2026-03-06 00:00:00+01:00,58.87729166666667,3747.452653645833,20.414485602287694,561.844867976188,16.79086914709052,380.0960788714756,15.520458035887872,389.9876084494756
2026-03-07 00:00:00+01:00,56.80927083333333,3687.150167447917,12.526561047897731,224.09530268913454,10.981976278334235,159.470707515869,13.713572588810878,313.173991207517
2026-03-08 00:00:00+01:00,50.195729166666666,3038.6172502604163,18.49764884216376,449.31588350317355,15.049945020362054,269.57223563387566,11.501597588611885,170.42829461934357
2026-03-09 00:00:00+01:00,42.92239583333333,2081.18131640625,23.085661839682473,822.9677605836995,14.998168789181575,359.3382668282363,29.058595508733173,1360.671141844807
2026-03-10 00:00:00+01:00,33.907291666666666,1325.1770963541667,11.517920347023926,258.3914438651568,11.725085849022603,211.44895389013126,18.87136612610715,590.4635536339944
2026-03-11 00:00:00+01:00,68.15416666666667,6694.952421875,11.630567998576751,173.39396511677242,13.853242364972035,210.14218221019453,17.481607047297437,385.22757896771645
2026-03-12 00:00:00+01:00,41.809375,2503.131685416667,12.212233603034093,276.3383689049234,12.184592057716168,242.17792649186757,9.506767319759831,156.64093755653334
2026-03-13 00:00:00+01:00,75.36239583333334,7812.937642447917,21.956110194547318,633.2417018681143,22.974621275861338,737.4512298509748,20.30714433100702,612.5235701567982
2026-03-14 00:00:00+01:00,26.928333333333338,1583.4462776041667,14.163633762411756,310.3604407695784,15.945754429368883,311.4681996860723,13.409054094134953,360.6676959839662
2026-03-15 00:00:00+01:00,19.395729166666666,661.0555846354167,15.478691223486564,337.710246941256,11.652429882911646,175.948515414172,11.58931297660208,204.78497286396973
2026-03-16 00:00:00+01:00,62.28958333333333,4523.155848958334,19.749679156259923,563.4143627752593,16.482826057569046,401.24266730502103,17.456766288611718,448.04923348278294
2026-03-17 00:00:00+01:00,14.2371875,263.7117877604167,8.218361122015262,106.64917352991107,12.626431665266237,195.86926006504441,10.486578033825495,175.85921386868714
2026-03-18 00:00:00+01:00,21.351770833333333,678.44413828125,10.969714454332502,191.22532472678753,11.037100901824216,166.5103814982137,11.897566121253485,169.49574081731546
2026-03-19 00:00:00+01:00,44.74885416666667,3114.808135677084,10.135683332925664,218.82947412466706,9.526647815968452,134.63708724623368,13.345766521260202,276.40185919829406
2026-03-20 00:00:00+01:00,94.5878125,11448.888893489582,31.568835637648192,1181.3812001881029,28.17466434827278,873.3655733214009,26.08284496973289,790.4991983342715
2026-03-21 00:00:00+01:00,27.455625,1150.6683458333334,13.408974142831374,296.39554836319,9.846606720519812,157.2699723073392,10.566917694400935,187.31923435359636
2026-03-22 00:00:00+01:00,46.34010416666666,2672.2580825520836,16.12438559200984,332.416912478913,13.28884907658157,254.4999759696336,15.594516344864749,353.8619124477487
2026-03-23 00:00:00+01:00,68.4153125,5669.117026822917,28.515091106116813,1265.5548483866562,20.500443200294427,597.8089759613691,27.16064101930183,1051.8535921157693
2026-03-24 00:00:00+01:00,53.491458333333334,3777.3028296875,10.697370825482833,181.920130950905,12.156429925011667,225.34812773718195,12.702867878745876,282.50220647371157
2026-03-25 00:00:00+01:00,51.77135416666667,4372.78413984375,18.066471787958296,416.53132860928946,23.5222698375148,605.3213196750511,19.761364566383993,518.171790727495
2026-03-26 00:00:00+01:00,23.061875000000004,764.2909822916669,26.33735404760925,1054.8224804392394,27.37370718943166,998.4680884818869,15.118883735693053,360.9483126302627
2026-03-27 00:00:00+01:00,24.49864583333333,780.3131736979167,16.762702804308827,402.02146931783545,18.51268908955564,453.35783040930556,16.505540101648496,399.67432155894306
2026-03-28 00:00:00+01:00,35.29354166666666,1584.8659375,25.83824480756917,962.7528516083717,18.63973975463816,583.7630884664428,14.325092152093587,282.4603626079666
2026-03-29 00:00:00+01:00,38.077173913043474,2604.0588869565217,12.376907129130844,186.1833213306479,13.930105969658717,264.49757451699566,11.961548081849488,205.14569614080636
2026-03-30 00:00:00+02:00,83.59958333333334,8208.078080729167,19.293244776705077,537.0230244668425,17.338802155178588,422.98858936627744,14.6997213231205,347.917998030435
2026-03-31 00:00:00+02:00,44.59791666666666,2477.3172312499996,31.610525034989525,1057.872515715557,33.977052104550474,1217.0770830417732,29.959675083673748,995.1750528332303
2026-04-01 00:00:00+02:00,109.30843750000001,14753.728012239582,16.22385894450055,405.3247115872957,15.974134893981288,363.8628580432469,23.993698556579478,797.2598296128514
2026-04-02 00:00:00+02:00,25.872604166666665,1007.4711570312498,10.697560621440507,164.08722829671322,10.230938345265118,157.97723623310455,13.527109893780972,253.5402388576705
2026-04-03 00:00:00+02:00,36.5159375,1897.0475929687498,19.795868356269178,568.447547488104,21.347965708243127,523.4191747865058,14.72759121175973,261.68009629381606
2026-04-04 00:00:00+02:00,48.27125,3322.803769270833,14.382335985570956,311.90131913235723,15.194650084536754,324.1041902072717,8.331199393826603,120.43405187962647
2026-04-05 00:00:00+02:00,87.33218749999999,8684.88118671875,14.14333633555455,317.0720389873411,23.34288550892916,678.7156087175359,25.020619501924184,1278.1531477775704
2026-04-06 00:00:00+02:00,55.405,5344.860561458333,21.295260000367517,666.7164604908884,21.667810752253885,654.8821990868986,30.875830560059825,1574.0524910664908
2026-04-07 00:00:00+02:00,34.611666666666665,2046.7697614583333,27.8342209605354,1090.161855547877,26.725301035469144,869.4763335869767,14.95463441345924,349.1264250463871
2026-04-08 00:00:00+02:00,57.24458333333333,4814.741896354167,11.48307257920032,191.6020739924712,14.961076726784563,291.8805194805751,14.94901067901357,336.14650228110133
2026-04-09 00:00:00+02:00,32.40385416666667,1505.4003684895831,11.742292443051268,194.9891273025121,15.764906104976982,328.4218077188801,11.262118826157767,164.57548518682216
2026-04-10 00:00:00+02:00,58.775104166666665,4695.103217447917,23.645736261619533,954.3700316175906,24.92263414599014,886.0983208895303,18.011205515646296,619.3003372218503
2026-04-11 00:00:00+02:00,62.93854166666667,5259.112634374999,20.365360234306795,585.2168329610906,11.933257341278939,199.26985907606021,13.076554706318072,300.76098366233293
2026-04-12 00:00:00+02:00,96.07114583333333,9521.88457578125,19.93019097981404,462.2578285852196,13.911568462851415,241.58770354942035,17.621407353523022,396.31073395753947
2026-04-13 00:00:00+02:00,124.26614583333333,18950.88338359375,32.021459338937625,1772.3178984270428,25.469901879610926,1039.5826060513398,22.905049807413818,764.9333102803947
2026-04-14 00:00:00+02:00,49.90145833333332,4477.551899479166,11.002363444029806,226.22936597202548,13.496336780541148,294.72757963589476,11.68490712236053,203.29629658337322
2026-04-15 00:00:00+02:00,31.444374999999997,2097.4295192708337,14.276860894902358,280.9038417799195,8.462522749978856,117.52118064880665,11.18983275532639,304.9715969230912
2026-04-16 00:00:00+02:00,30.3884375,1595.1822841145831,8.237701065510116,89.46671089714631,7.439736786428463,85.36854874200189,5.6008057052803055,45.96371307761934
2026-04-17 00:00:00+02:00,36.753750000000004,1695.2283114583333,12.173425095981054,186.0478223860171,8.081835158975105,102.02092158757036,9.505670578653243,154.65891481796004
2026-04-18 00:00:00+02:00,41.25385416666666,2571.35701328125,13.17078030579407,216.0072809934128,10.012885833430945,133.61936599923797,6.657674478184519,78.73078629998585
2026-04-19 00:00:00+02:00,21.386979166666666,649.93640078125,12.77946429450226,261.7574818798301,11.195823323738786,252.27954644890562,7.372163064075238,87.40664864280724
2026-04-20 00:00:00+02:00,29.594375,1300.3066973958332,20.80812776537312,630.5332388685462,20.635664711151087,522.6203186366807,18.757694740914918,452.34479357344793
2026-04-21 00:00:00+02:00,55.516145833333326,4535.861885156249,16.645234041685942,481.9701569812387,16.219484532081243,411.46619034195123,8.912919224358106,171.39032348338387
2026-04-22 00:00:00+02:00,38.864062499999996,2488.6695934895833,8.381371570642942,93.13852522334777,5.256412140924755,49.93016166684995,7.469728025937513,92.0907547464177
2026-04-23 00:00:00+02:00,46.470625000000005,3424.6849359374996,11.917974756845384,189.84212334828092,12.854989408122984,200.92804363308267,6.693165131713005,76.5829802881433
2026-04-24 00:00:00+02:00,28.6003125,1459.8849283854167,14.675415038971066,279.16077457906664,15.100573226038954,303.9464688836034,14.044290261174398,210.61783076620316
2026-04-25 00:00:00+02:00,68.45770833333334,7091.5494234375,30.871193508845025,2304.0108790476206,23.87278005548956,1704.4504379484524,20.128536808475012,933.2755081304358
2026-04-26 00:00:00+02:00,87.30114583333334,21787.597271093753,59.53801893413337,11783.042089599274,54.11828074960263,11595.137542866227,51.578462699550556,10677.341014668918
2026-04-27 00:00:00+02:00,25.105,949.2785682291668,44.69132437754936,4116.455640423835,34.0923612232833,2563.2076949540683,15.971843628026178,340.76670813567176
2026-04-28 00:00:00+02:00,15.1559375,319.23012942708334,13.214529798942435,238.28195499356704,17.002732024704343,410.5362353581493,9.953853710601631,146.40593518279272
2026-04-29 00:00:00+02:00,13.5309375,323.0794044270834,9.888895752692402,150.02088865612333,10.877667575971268,154.67352052362062,8.45221828700716,138.3236499521937
2026-04-30 00:00:00+02:00,10.691666666666668,217.76663437500005,13.329877034897153,291.92405083730125,13.992732352236075,262.81242871702347,10.314842532005603,218.0761266700796
2026-05-01 00:00:00+02:00,84.57947916666666,24622.018908072918,75.19111392582086,20624.837041387334,69.90417840765744,18577.568993897108,68.93353240080408,19596.54530465325
2026-05-02 00:00:00+02:00,43.02041666666667,3696.4969708333338,51.42329577054823,4043.5376593676397,40.985586608329236,2413.9906609177892,38.10736049637267,2101.203594266704
2026-05-03 00:00:00+02:00,75.11520833333334,19536.783431770833,25.437990675955636,1102.4809869977241,22.14956682354628,680.3220233080755,27.146402076648297,1555.5880565233203
2026-05-04 00:00:00+02:00,36.009479166666665,2247.2332028645833,30.899784549428947,1638.4105811257712,29.844438353694162,1283.5217974359539,20.33661182620186,742.3077336391208
2026-05-05 00:00:00+02:00,58.08531250000001,5044.670487239584,10.553186788814292,171.528527932171,9.241568943756015,123.36178299028559,5.571186678902471,53.17496149500556
2026-05-06 00:00:00+02:00,57.80833333333334,5997.526240104166,17.383231399397513,397.612729731522,18.241311102870522,398.54408753753086,12.614017505062607,192.57349885526727
2026-05-07 00:00:00+02:00,63.966249999999995,6068.573409375,9.648273472571793,181.68472283251447,10.208228043995433,217.90831737273615,8.046560529534878,147.9042456535573
2026-05-08 00:00:00+02:00,118.81260416666667,39186.12929661458,23.774040600052782,1087.3704301103814,14.60993005676638,383.53601554593075,6.447196044200979,83.77346730048517
2026-05-09 00:00:00+02:00,37.266979166666665,2386.09723359375,18.335970522200196,447.0352260001787,16.71052519422124,345.108645724056,10.79404109304626,172.51615528193682
2026-05-10 00:00:00+02:00,9.694479166666667,126.16872369791668,13.697089038579096,234.85833358146832,12.163963279887836,187.8348920485431,12.968389831331594,602.8431635257152
2026-05-11 00:00:00+02:00,26.786666666666672,1844.1908057291673,24.453857789207458,813.3167361012765,17.27845710693352,462.6422870082281,15.496718418668019,402.20393428403685
2026-05-12 00:00:00+02:00,35.679479166666674,1600.759392447917,15.963847521379678,380.57937962362513,18.08441072613557,401.423215328412,21.35412490782035,669.9702856477073
2026-05-13 00:00:00+02:00,11.200625,186.43998645833335,12.533396179959759,208.4092952126111,14.984824997471561,292.2523927677476,16.067439970899223,365.44768488253936
2026-05-14 00:00:00+02:00,42.395208333333336,2816.249982291667,19.079632844274204,496.8355145017329,15.148412340720299,277.17117608399064,15.96090262753431,440.504069477262
2026-05-15 00:00:00+02:00,10.984062500000002,175.36897786458337,14.083243766353322,254.66523066798356,11.757190667278465,214.6591891798926,10.376347449021466,155.3841113486339
2026-05-16 00:00:00+02:00,10.277708333333335,200.63597343749998,15.48268521921264,372.6844024449431,17.377392251198597,411.59486443557995,14.689072552485626,304.6528050026978
2026-05-17 00:00:00+02:00,15.365937500000001,372.83746953125,12.389233992807076,226.11691563543013,9.080664198083607,137.21897946626902,9.501931121768386,139.50760274137883
2026-05-18 00:00:00+02:00,24.45302083333333,1361.45020546875,29.583947391670932,1470.5781090604612,29.71723601625617,1176.1265611420424,22.459328900223024,655.4975440370407
2026-05-19 00:00:00+02:00,34.813229166666666,1418.9088190104167,6.615638315763277,71.2838067272776,9.530096287378814,122.30663553101219,6.528292701073887,55.8248146926801
2026-05-20 00:00:00+02:00,9.998125,213.6950520833334,7.015424187215274,82.89586562036096,8.960470489103914,100.59238051707763,5.656732859226094,73.04025716659079
2026-05-21 00:00:00+02:00,15.08875,419.828403125,13.335286786325241,287.82585137323593,13.092923381091147,218.574093764975,8.695915975109024,154.5516747332318
2026-05-22 00:00:00+02:00,20.54354166666667,821.4946432291667,9.019681905665882,157.23159440645324,8.46429633734601,139.06684717964458,9.458625247887012,157.11957697315347
2026-05-23 00:00:00+02:00,15.802604166666669,379.5112440104167,14.87155406065102,289.6432171614735,14.069527997097985,227.81906365801885,11.067742459230091,196.70450736964108
2026-05-24 00:00:00+02:00,25.190520833333334,1153.0018117187499,15.31838690549435,340.7382901063488,11.09944193526349,177.51062255668617,17.722971778083775,662.7688197218635
2026-05-25 00:00:00+02:00,57.50125,5644.196703125,19.36704607676892,466.0372376129355,20.502941788800573,632.1161343658508,32.051692829882306,2115.5792707877586
2026-05-26 00:00:00+02:00,36.837916666666665,2292.6032984375,21.864220317449394,771.6663728965705,20.768846586634808,601.1600023987222,23.19733176763528,924.862868082823
2026-05-27 00:00:00+02:00,29.390520833333337,1582.7980414062501,12.861406369962381,227.68950556409243,16.652004988792058,338.59749413643516,11.76045431991451,247.8324014306428
2026-05-28 00:00:00+02:00,32.521875,3449.0168953125,30.436024386880106,3826.541924464586,29.979759626622496,3651.3334480112317,26.81045866391456,2659.9937195341986
2026-05-29 00:00:00+02:00,8.244895833333336,121.26760494791671,15.278359523832725,357.3044620885264,14.38679811648782,281.60502718556023,11.166875995743299,202.375130052762
2026-05-30 00:00:00+02:00,10.109687500000005,218.02950807291677,17.080311946385276,402.7887412042087,18.16729226654891,443.7646975302153,15.340103809648847,317.70734179361017
2026-05-31 00:00:00+02:00,25.083020833333332,1310.4402580729165,14.413241730290098,278.8402354660563,10.090411216237202,161.37068951481083,10.770420502082848,163.63376525663804
2026-06-01 00:00:00+02:00,71.471875,8047.674298958334,52.09546322128144,4789.336370308986,46.47931564937372,3850.38431365494,31.77587171381379,1736.4795993957407
2026-06-02 00:00:00+02:00,36.37625,2660.2364703125,16.90129483078135,579.2847691263943,14.565956829172206,395.56086700527834,13.308827874198505,520.9214759706837
2026-06-03 00:00:00+02:00,33.0315625,1771.4374335937498,12.506788112307689,274.2885756979285,11.120210355577479,162.90479637379852,9.189019170103576,121.52144833837178
2026-06-04 00:00:00+02:00,61.004062499999996,8388.23931484375,12.927465310812353,264.79419044084256,15.427587176133123,438.8045531089465,15.521689618855367,329.7194430886324
2026-06-05 00:00:00+02:00,30.65489583333333,1394.3363002604167,20.80743026533978,689.1743504224854,17.652209437838447,446.3745309412497,18.54694574699518,648.1432349587261
2026-06-06 00:00:00+02:00,11.094895833333334,232.5228518229167,15.479809231907366,331.43595866061344,10.413831738517644,196.66049387175528,9.72512640946192,151.4313283341826
2026-06-07 00:00:00+02:00,47.234791666666666,3171.3100130208336,19.118409337531098,493.82901147912463,12.97978190855183,307.98023403000553,14.285327621105774,448.7646111929714
2026-06-08 00:00:00+02:00,31.41302083333333,2501.47691796875,29.851787222256277,1263.4013387906346,26.542049356668027,827.4351545025452,9.658617838985789,140.51345257292033
2026-06-09 00:00:00+02:00,27.213854166666668,1690.30556171875,16.228833969702332,330.4244067103951,16.692830185619854,353.5083678787145,9.636179520974956,126.28606459885123
2026-06-10 00:00:00+02:00,22.099583333333328,937.2126140624997,13.63802831441261,317.05946398947543,11.990936723426247,220.30169808075505,10.142799113204102,146.9103171698075
2026-06-11 00:00:00+02:00,50.72229166666667,2839.6655885416662,10.75251885108638,182.221459631602,9.30656219368836,134.51533990418312,10.18589065435136,142.9052580270226
