scenario,expiry,tenor,moneyness_basis_points,strike,a,b,sigma,eta,rho,price
low_volatility,1,2,-100,0.0153151205244,0.1,0.3,0.005,0.0075,-0.7,0.0187967277052
low_volatility,1,2,0,0.0253151205244,0.1,0.3,0.005,0.0075,-0.7,0.00276520675597
low_volatility,1,2,100,0.0353151205244,0.1,0.3,0.005,0.0075,-0.7,7.67648133797e-06
low_volatility,1,5,-100,0.0153151205244,0.1,0.3,0.005,0.0075,-0.7,0.0452709334105
low_volatility,1,5,0,0.0253151205244,0.1,0.3,0.005,0.0075,-0.7,0.00521664331538
low_volatility,1,5,100,0.0353151205244,0.1,0.3,0.005,0.0075,-0.7,1.0089954617e-06
low_volatility,1,10,-100,0.0153151205244,0.1,0.3,0.005,0.0075,-0.7,0.0852209350588
low_volatility,1,10,0,0.0253151205244,0.1,0.3,0.005,0.0075,-0.7,0.00767649049945
low_volatility,1,10,100,0.0353151205244,0.1,0.3,0.005,0.0075,-0.7,2.23065703184e-08
low_volatility,2,2,-100,0.0153151205244,0.1,0.3,0.005,0.0075,-0.7,0.0183819146634
low_volatility,2,2,0,0.0253151205244,0.1,0.3,0.005,0.0075,-0.7,0.00348543867904
low_volatility,2,2,100,0.0353151205244,0.1,0.3,0.005,0.0075,-0.7,5.93786428231e-05
low_volatility,2,5,-100,0.0153151205244,0.1,0.3,0.005,0.0075,-0.7,0.0441750263088
low_volatility,2,5,0,0.0253151205244,0.1,0.3,0.005,0.0075,-0.7,0.00676461423705
low_volatility,2,5,100,0.0353151205244,0.1,0.3,0.005,0.0075,-0.7,2.611497998e-05
low_volatility,2,10,-100,0.0153151205244,0.1,0.3,0.005,0.0075,-0.7,0.0831199737985
low_volatility,2,10,0,0.0253151205244,0.1,0.3,0.005,0.0075,-0.7,0.0101502339342
low_volatility,2,10,100,0.0353151205244,0.1,0.3,0.005,0.0075,-0.7,4.17522568879e-06
low_volatility,5,2,-100,0.0153151205244,0.1,0.3,0.005,0.0075,-0.7,0.0172494136643
low_volatility,5,2,0,0.0253151205244,0.1,0.3,0.005,0.0075,-0.7,0.00430075201294
low_volatility,5,2,100,0.0353151205244,0.1,0.3,0.005,0.0075,-0.7,0.000265552773934
low_volatility,5,5,-100,0.0153151205244,0.1,0.3,0.005,0.0075,-0.7,0.0412230728897
low_volatility,5,5,0,0.0253151205244,0.1,0.3,0.005,0.0075,-0.7,0.0087999876241
low_volatility,5,5,100,0.0353151205244,0.1,0.3,0.005,0.0075,-0.7,0.000275544781319
low_volatility,5,10,-100,0.0153151205244,0.1,0.3,0.005,0.0075,-0.7,0.0772301675105
low_volatility,5,10,0,0.0253151205244,0.1,0.3,0.005,0.0075,-0.7,0.0135128988118
low_volatility,5,10,100,0.0353151205244,0.1,0.3,0.005,0.0075,-0.7,0.000142863864314
base,1,2,-100,0.0153151205244,0.1,0.3,0.01,0.015,-0.7,0.0193557071851
base,1,2,0,0.0253151205244,0.1,0.3,0.01,0.015,-0.7,0.00553008102705
base,1,2,100,0.0353151205244,0.1,0.3,0.01,0.015,-0.7,0.000593530061744
base,1,5,-100,0.0153151205244,0.1,0.3,0.01,0.015,-0.7,0.0456787373234
base,1,5,0,0.0253151205244,0.1,0.3,0.01,0.015,-0.7,0.0104318379097
base,1,5,100,0.0353151205244,0.1,0.3,0.01,0.015,-0.7,0.000436594712797
base,1,10,-100,0.0153151205244,0.1,0.3,0.01,0.015,-0.7,0.085380840181
base,1,10,0,0.0253151205244,0.1,0.3,0.01,0.015,-0.7,0.0153487428201
base,1,10,100,0.0353151205244,0.1,0.3,0.01,0.015,-0.7,0.000196032948803
base,2,2,-100,0.0153151205244,0.1,0.3,0.01,0.015,-0.7,0.0196413252978
base,2,2,0,0.0253151205244,0.1,0.3,0.01,0.015,-0.7,0.00696982497473
base,2,2,100,0.0353151205244,0.1,0.3,0.01,0.015,-0.7,0.00136263756412
base,2,5,-100,0.0153151205244,0.1,0.3,0.01,0.015,-0.7,0.0456427983759
base,2,5,0,0.0253151205244,0.1,0.3,0.01,0.015,-0.7,0.0135277380664
base,2,5,100,0.0353151205244,0.1,0.3,0.01,0.015,-0.7,0.00158226364206
base,2,10,-100,0.0153151205244,0.1,0.3,0.01,0.015,-0.7,0.0841254716422
base,2,10,0,0.0253151205244,0.1,0.3,0.01,0.015,-0.7,0.0202882505827
base,2,10,100,0.0353151205244,0.1,0.3,0.01,0.015,-0.7,0.00114166055633
base,5,2,-100,0.0153151205244,0.1,0.3,0.01,0.015,-0.7,0.0195909854403
base,5,2,0,0.0253151205244,0.1,0.3,0.01,0.015,-0.7,0.00859997248091
base,5,2,100,0.0353151205244,0.1,0.3,0.01,0.015,-0.7,0.00267726908255
base,5,5,-100,0.0153151205244,0.1,0.3,0.01,0.015,-0.7,0.0447958832901
base,5,5,0,0.0253151205244,0.1,0.3,0.01,0.015,-0.7,0.017580925804
base,5,5,100,0.0353151205244,0.1,0.3,0.01,0.015,-0.7,0.00400939621814
base,5,10,-100,0.0153151205244,0.1,0.3,0.01,0.015,-0.7,0.0812857978068
base,5,10,0,0.0253151205244,0.1,0.3,0.01,0.015,-0.7,0.0269962147921
base,5,10,100,0.0353151205244,0.1,0.3,0.01,0.015,-0.7,0.00446622042753
high_volatility,1,2,-100,0.0153151205244,0.1,0.3,0.02,0.03,-0.7,0.0229153072365
high_volatility,1,2,0,0.0253151205244,0.1,0.3,0.02,0.03,-0.7,0.0110650246231
high_volatility,1,2,100,0.0353151205244,0.1,0.3,0.02,0.03,-0.7,0.00419939180703
high_volatility,1,5,-100,0.0153151205244,0.1,0.3,0.02,0.03,-0.7,0.0505576666866
high_volatility,1,5,0,0.0253151205244,0.1,0.3,0.02,0.03,-0.7,0.0208520920391
high_volatility,1,5,100,0.0353151205244,0.1,0.3,0.02,0.03,-0.7,0.00565976929392
high_volatility,1,10,-100,0.0153151205244,0.1,0.3,0.02,0.03,-0.7,0.090187921637
high_volatility,1,10,0,0.0253151205244,0.1,0.3,0.02,0.03,-0.7,0.0306661297124
high_volatility,1,10,100,0.0353151205244,0.1,0.3,0.02,0.03,-0.7,0.00537707091587
high_volatility,2,2,-100,0.0153151205244,0.1,0.3,0.02,0.03,-0.7,0.0248942345271
high_volatility,2,2,0,0.0253151205244,0.1,0.3,0.02,0.03,-0.7,0.0139312349976
high_volatility,2,2,100,0.0353151205244,0.1,0.3,0.02,0.03,-0.7,0.00676176878452
high_volatility,2,5,-100,0.0153151205244,0.1,0.3,0.02,0.03,-0.7,0.0544600378438
high_volatility,2,5,0,0.0253151205244,0.1,0.3,0.02,0.03,-0.7,0.0270405442994
high_volatility,2,5,100,0.0353151205244,0.1,0.3,0.02,0.03,-0.7,0.0106540374369
high_volatility,2,10,-100,0.0153151205244,0.1,0.3,0.02,0.03,-0.7,0.0944597166385
high_volatility,2,10,0,0.0253151205244,0.1,0.3,0.02,0.03,-0.7,0.0405339809327
high_volatility,2,10,100,0.0353151205244,0.1,0.3,0.02,0.03,-0.7,0.0121791116951
high_volatility,5,2,-100,0.0153151205244,0.1,0.3,0.02,0.03,-0.7,0.0268442091801
high_volatility,5,2,0,0.0253151205244,0.1,0.3,0.02,0.03,-0.7,0.0171934024774
high_volatility,5,2,100,0.0353151205244,0.1,0.3,0.02,0.03,-0.7,0.0100525404116
high_volatility,5,5,-100,0.0153151205244,0.1,0.3,0.02,0.03,-0.7,0.0591097217645
high_volatility,5,5,0,0.0253151205244,0.1,0.3,0.02,0.03,-0.7,0.0350100679729
high_volatility,5,5,100,0.0353151205244,0.1,0.3,0.02,0.03,-0.7,0.0177718635106
high_volatility,5,10,-100,0.0153151205244,0.1,0.3,0.02,0.03,-0.7,0.100666153074
high_volatility,5,10,0,0.0253151205244,0.1,0.3,0.02,0.03,-0.7,0.0540068377236
high_volatility,5,10,100,0.0353151205244,0.1,0.3,0.02,0.03,-0.7,0.0244392347161
fast_mean_reversion,1,2,-100,0.0153151205244,0.3,0.8,0.01,0.015,-0.7,0.0188581899219
fast_mean_reversion,1,2,0,0.0253151205244,0.3,0.8,0.01,0.015,-0.7,0.00370626857789
fast_mean_reversion,1,2,100,0.0353151205244,0.3,0.8,0.01,0.015,-0.7,7.56784383927e-05
fast_mean_reversion,1,5,-100,0.0153151205244,0.3,0.8,0.01,0.015,-0.7,0.0452769466131
fast_mean_reversion,1,5,0,0.0253151205244,0.3,0.8,0.01,0.015,-0.7,0.00613809644937
fast_mean_reversion,1,5,100,0.0353151205244,0.3,0.8,0.01,0.015,-0.7,8.25355315076e-06
fast_mean_reversion,1,10,-100,0.0153151205244,0.3,0.8,0.01,0.015,-0.7,0.0852209293425
fast_mean_reversion,1,10,0,0.0253151205244,0.3,0.8,0.01,0.015,-0.7,0.00752017203362
fast_mean_reversion,1,10,100,0.0353151205244,0.3,0.8,0.01,0.015,-0.7,2.13478967795e-08
fast_mean_reversion,2,2,-100,0.0153151205244,0.3,0.8,0.01,0.015,-0.7,0.0185466100664
fast_mean_reversion,2,2,0,0.0253151205244,0.3,0.8,0.01,0.015,-0.7,0.00455857224605
fast_mean_reversion,2,2,100,0.0353151205244,0.3,0.8,0.01,0.015,-0.7,0.000227688205057
fast_mean_reversion,2,5,-100,0.0153151205244,0.3,0.8,0.01,0.015,-0.7,0.0442187985923
fast_mean_reversion,2,5,0,0.0253151205244,0.3,0.8,0.01,0.015,-0.7,0.00768440826009
fast_mean_reversion,2,5,100,0.0353151205244,0.3,0.8,0.01,0.015,-0.7,7.68918111123e-05
fast_mean_reversion,2,10,-100,0.0153151205244,0.3,0.8,0.01,0.015,-0.7,0.0831177012877
fast_mean_reversion,2,10,0,0.0253151205244,0.3,0.8,0.01,0.015,-0.7,0.00945287130793
fast_mean_reversion,2,10,100,0.0353151205244,0.3,0.8,0.01,0.015,-0.7,1.95074668067e-06
fast_mean_reversion,5,2,-100,0.0153151205244,0.3,0.8,0.01,0.015,-0.7,0.017551118373
fast_mean_reversion,5,2,0,0.0253151205244,0.3,0.8,0.01,0.015,-0.7,0.00514920858796
fast_mean_reversion,5,2,100,0.0353151205244,0.3,0.8,0.01,0.015,-0.7,0.00057905997262
fast_mean_reversion,5,5,-100,0.0153151205244,0.3,0.8,0.01,0.015,-0.7,0.0412151496798
fast_mean_reversion,5,5,0,0.0253151205244,0.3,0.8,0.01,0.015,-0.7,0.00874099805651
fast_mean_reversion,5,5,100,0.0353151205244,0.3,0.8,0.01,0.015,-0.7,0.000276506210878
fast_mean_reversion,5,10,-100,0.0153151205244,0.3,0.8,0.01,0.015,-0.7,0.0771244386061
fast_mean_reversion,5,10,0,0.0253151205244,0.3,0.8,0.01,0.015,-0.7,0.0107083520685
fast_mean_reversion,5,10,100,0.0353151205244,0.3,0.8,0.01,0.015,-0.7,2.0734678489e-05
weak_correlation,1,2,-100,0.0153151205244,0.1,0.3,0.01,0.015,-0.1,0.0216817376243
weak_correlation,1,2,0,0.0253151205244,0.1,0.3,0.01,0.015,-0.1,0.00951428927564
weak_correlation,1,2,100,0.0353151205244,0.1,0.3,0.01,0.015,-0.1,0.00298122400786
weak_correlation,1,5,-100,0.0153151205244,0.1,0.3,0.01,0.015,-0.1,0.048889060069
weak_correlation,1,5,0,0.0253151205244,0.1,0.3,0.01,0.015,-0.1,0.0177156164758
weak_correlation,1,5,100,0.0353151205244,0.1,0.3,0.01,0.015,-0.1,0.00370971810328
weak_correlation,1,10,-100,0.0153151205244,0.1,0.3,0.01,0.015,-0.1,0.0875324282755
weak_correlation,1,10,0,0.0253151205244,0.1,0.3,0.01,0.015,-0.1,0.0248547048463
weak_correlation,1,10,100,0.0353151205244,0.1,0.3,0.01,0.015,-0.1,0.00262107886125
weak_correlation,2,2,-100,0.0153151205244,0.1,0.3,0.01,0.015,-0.1,0.0232793040214
weak_correlation,2,2,0,0.0253151205244,0.1,0.3,0.01,0.015,-0.1,0.0119628536902
weak_correlation,2,2,100,0.0353151205244,0.1,0.3,0.01,0.015,-0.1,0.00502914471356
weak_correlation,2,5,-100,0.0153151205244,0.1,0.3,0.01,0.015,-0.1,0.0510737141392
weak_correlation,2,5,0,0.0253151205244,0.1,0.3,0.01,0.015,-0.1,0.0225815186334
weak_correlation,2,5,100,0.0353151205244,0.1,0.3,0.01,0.015,-0.1,0.00739415987357
weak_correlation,2,10,-100,0.0153151205244,0.1,0.3,0.01,0.015,-0.1,0.0891035509289
weak_correlation,2,10,0,0.0253151205244,0.1,0.3,0.01,0.015,-0.1,0.0319866188922
weak_correlation,2,10,100,0.0353151205244,0.1,0.3,0.01,0.015,-0.1,0.00654418558314
weak_correlation,5,2,-100,0.0153151205244,0.1,0.3,0.01,0.015,-0.1,0.0242486205494
weak_correlation,5,2,0,0.0253151205244,0.1,0.3,0.01,0.015,-0.1,0.0142233204385
weak_correlation,5,2,100,0.0353151205244,0.1,0.3,0.01,0.015,-0.1,0.00737003663658
weak_correlation,5,5,-100,0.0153151205244,0.1,0.3,0.01,0.015,-0.1,0.0525343643203
weak_correlation,5,5,0,0.0253151205244,0.1,0.3,0.01,0.015,-0.1,0.0274937290906
weak_correlation,5,5,100,0.0353151205244,0.1,0.3,0.01,0.015,-0.1,0.0119493204986
weak_correlation,5,10,-100,0.0153151205244,0.1,0.3,0.01,0.015,-0.1,0.0889193508783
weak_correlation,5,10,0,0.0253151205244,0.1,0.3,0.01,0.015,-0.1,0.039553413146
weak_correlation,5,10,100,0.0353151205244,0.1,0.3,0.01,0.015,-0.1,0.0128842838793
