scenario,expiry,tenor,moneyness_basis_points,strike,qf_rates,quantlib,absolute_difference,difference_basis_points_notional,relative_difference
low_volatility,1.0,2.0,-100.0,0.01531512052442881,0.018796727705204307,0.018796802084571178,7.437936687046398e-08,0.0007437936687046398,3.95702239858748e-06
low_volatility,1.0,2.0,0.0,0.02531512052442881,0.002765206755971353,0.0027796594944105605,1.4452738439207653e-05,0.14452738439207652,0.005199463627926277
low_volatility,1.0,2.0,100.0,0.03531512052442881,7.676481337968324e-06,7.872728551284888e-06,1.9624721331656414e-07,0.0019624721331656415,0.02492747108428311
low_volatility,1.0,5.0,-100.0,0.015315120524428837,0.04527093341050037,0.04527089233771804,4.107278232801104e-08,0.00041072782328011037,9.07266903899544e-07
low_volatility,1.0,5.0,0.0,0.025315120524428837,0.005216643315382943,0.005194377628844685,2.2265686538258146e-05,0.22265686538258145,0.004286497464992818
low_volatility,1.0,5.0,100.0,0.03531512052442884,1.0089954616967762e-06,9.385086597178972e-07,7.0486801978879e-08,0.0007048680197887901,0.07510511623842274
low_volatility,1.0,10.0,-100.0,0.015315120524428854,0.08522093505883001,0.08522093434360768,7.152223258088952e-10,7.152223258088952e-06,8.39256611439092e-09
low_volatility,1.0,10.0,0.0,0.025315120524428854,0.007676490499447916,0.007655525854944102,2.0964644503814085e-05,0.20964644503814084,0.0027384982953554612
low_volatility,1.0,10.0,100.0,0.03531512052442885,2.2306570318443285e-08,2.3532928074325695e-08,1.2263577558824101e-09,1.2263577558824101e-05,0.05211241678082381
low_volatility,2.0,2.0,-100.0,0.015315120524428924,0.01838191466337714,0.01838130436635413,6.102970230119353e-07,0.006102970230119353,3.320205197891436e-05
low_volatility,2.0,2.0,0.0,0.025315120524428924,0.0034854386790371256,0.003491597690192906,6.159011155780231e-06,0.061590111557802314,0.0017639521222847282
low_volatility,2.0,2.0,100.0,0.03531512052442892,5.937864282309806e-05,5.9703749054583565e-05,3.251062314855031e-07,0.003251062314855031,0.005445323562315625
low_volatility,2.0,5.0,-100.0,0.015315120524428882,0.044175026308785184,0.04417374173356866,1.2845752165244195e-06,0.012845752165244195,2.9080063542551134e-05
low_volatility,2.0,5.0,0.0,0.025315120524428882,0.006764614237049299,0.006715779357485787,4.883487956351164e-05,0.48834879563511635,0.0072716622991905655
low_volatility,2.0,5.0,100.0,0.03531512052442888,2.6114979979999653e-05,2.4592057065286806e-05,1.522922914712847e-06,0.01522922914712847,0.06192743090461293
low_volatility,2.0,10.0,-100.0,0.015315120524428882,0.08311997379849091,0.08311985909513739,1.1470335352370409e-07,0.0011470335352370409,1.3799753124270439e-06
low_volatility,2.0,10.0,0.0,0.025315120524428882,0.010150233934171712,0.010131861145989999,1.837278818171348e-05,0.18372788181713479,0.0018133675459009902
low_volatility,2.0,10.0,100.0,0.03531512052442888,4.175225688793116e-06,4.19267085372222e-06,1.744516492910363e-08,0.0001744516492910363,0.004160871563198421
low_volatility,5.0,2.0,-100.0,0.015315120524428917,0.017249413664281687,0.017255831439113765,6.417774832078588e-06,0.06417774832078588,0.0003719191888680268
low_volatility,5.0,2.0,0.0,0.025315120524428917,0.004300752012938586,0.00428753546790669,1.3216545031895406e-05,0.13216545031895405,0.003082550600648008
low_volatility,5.0,2.0,100.0,0.035315120524428915,0.00026555277393422227,0.00026710908746328154,1.5563135290592653e-06,0.015563135290592653,0.005826509100979972
low_volatility,5.0,5.0,-100.0,0.015315120524428875,0.0412230728896714,0.04120401476418958,1.905812548182173e-05,0.1905812548182173,0.0004625307895575543
low_volatility,5.0,5.0,0.0,0.025315120524428875,0.008799987624099498,0.00868269593237585,0.00011729169172364738,1.1729169172364737,0.013508672034257544
low_volatility,5.0,5.0,100.0,0.035315120524428874,0.00027554478131885436,0.00026239600050286617,1.314878081598819e-05,0.1314878081598819,0.050110446770489425
low_volatility,5.0,10.0,-100.0,0.015315120524428889,0.07723016751049205,0.07723310413617608,2.9366256840274163e-06,0.029366256840274163,3.802288820153607e-05
low_volatility,5.0,10.0,0.0,0.02531512052442889,0.013512898811836708,0.013513894211621217,9.953997845094792e-07,0.009953997845094792,7.365750899940369e-05
low_volatility,5.0,10.0,100.0,0.03531512052442889,0.00014286386431432073,0.0001443887392841558,1.524874969835064e-06,0.01524874969835064,0.010560899536868475
base,1.0,2.0,-100.0,0.01531512052442881,0.019355707185098218,0.019349457905227962,6.249279870255281e-06,0.06249279870255281,0.0003229692480721545
base,1.0,2.0,0.0,0.02531512052442881,0.00553008102704955,0.005559282797128986,2.9201770079435516e-05,0.2920177007943552,0.005252794496174284
base,1.0,2.0,100.0,0.03531512052442881,0.0005935300617442868,0.0005841806761383449,9.349385605941893e-06,0.09349385605941893,0.01600427057557752
base,1.0,5.0,-100.0,0.015315120524428837,0.045678737323446864,0.045685277885461714,6.540562014850648e-06,0.06540562014850648,0.00014316563929519255
base,1.0,5.0,0.0,0.025315120524428837,0.010431837909679472,0.01038850513416942,4.33327755100521e-05,0.433327755100521,0.004171223381073743
base,1.0,5.0,100.0,0.03531512052442884,0.0004365947127965427,0.00045197816463097613,1.538345183443342e-05,0.15383451834433418,0.0340358296887936
base,1.0,10.0,-100.0,0.015315120524428854,0.08538084018103838,0.08538175202964966,9.118486112846824e-07,0.009118486112846824,1.0679666200431608e-05
base,1.0,10.0,0.0,0.025315120524428854,0.01534874282006471,0.015310175850883312,3.856696918139689e-05,0.38566969181396893,0.0025190415549127603
base,1.0,10.0,100.0,0.03531512052442885,0.0001960329488032485,0.00019394282570347495,2.0901230997735407e-06,0.020901230997735408,0.010777006533715215
base,2.0,2.0,-100.0,0.015315120524428924,0.019641325297828874,0.019636641784765197,4.683513063676731e-06,0.04683513063676731,0.00023850886088426618
base,2.0,2.0,0.0,0.025315120524428924,0.006969824974727391,0.0069831199362116935,1.3294961484302398e-05,0.13294961484302398,0.001903871278990927
base,2.0,2.0,100.0,0.03531512052442892,0.00136263756411732,0.0013543999824572343,8.23758166008568e-06,0.0823758166008568,0.0060820893139267185
base,2.0,5.0,-100.0,0.015315120524428882,0.04564279837590981,0.04560523498435358,3.7563391556229286e-05,0.37563391556229286,0.0008236640282440531
base,2.0,5.0,0.0,0.025315120524428882,0.013527738066353557,0.013430988866550305,9.674919980325221e-05,0.9674919980325221,0.0072034308690557235
base,2.0,5.0,100.0,0.03531512052442888,0.0015822636420579383,0.0015392787608696113,4.2984881188326985e-05,0.42984881188326984,0.02792533898411149
base,2.0,10.0,-100.0,0.015315120524428882,0.08412547164224501,0.08413709787896279,1.1626236717771077e-05,0.11626236717771077,0.00013818205061572538
base,2.0,10.0,0.0,0.025315120524428882,0.020288250582747323,0.020261576796764925,2.6673785982398585e-05,0.26673785982398585,0.0013164713807790847
base,2.0,10.0,100.0,0.03531512052442888,0.001141660556331755,0.0011468189338755565,5.158377543801459e-06,0.051583775438014595,0.0044979877742070875
base,5.0,2.0,-100.0,0.015315120524428917,0.01959098544031954,0.01959363478591511,2.649345595569924e-06,0.02649345595569924,0.00013521460538166237
base,5.0,2.0,0.0,0.025315120524428917,0.008599972480911251,0.008574908477457862,2.5064003453388606e-05,0.25064003453388606,0.0029229470517706494
base,5.0,2.0,100.0,0.035315120524428915,0.0026772690825538695,0.002658071214260784,1.9197868293085313e-05,0.19197868293085313,0.007222480793624743
base,5.0,5.0,-100.0,0.015315120524428875,0.04479588329005145,0.04493644191578327,0.0001405586257318195,1.4055862573181948,0.0031279429287090557
base,5.0,5.0,0.0,0.025315120524428875,0.01758092580400653,0.01736395494230152,0.0002169708617050098,2.169708617050098,0.012495474816997608
base,5.0,5.0,100.0,0.035315120524428874,0.0040093962181354985,0.004129120924678842,0.00011972470654334367,1.1972470654334366,0.028995204724515476
base,5.0,10.0,-100.0,0.015315120524428889,0.08128579780683547,0.08126157427457606,2.4223532259406988e-05,0.24223532259406988,0.00029809331748309107
base,5.0,10.0,0.0,0.02531512052442889,0.02699621479207837,0.027021840698387405,2.5625906309036106e-05,0.25625906309036106,0.0009483405144404317
base,5.0,10.0,100.0,0.03531512052442889,0.004466220427525053,0.004462516122854928,3.704304670124406e-06,0.03704304670124406,0.0008300932855239858
high_volatility,1.0,2.0,-100.0,0.01531512052442881,0.022915307236495375,0.022900171799614708,1.5135436880666514e-05,0.15135436880666514,0.0006609311499104634
high_volatility,1.0,2.0,0.0,0.02531512052442881,0.011065024623116652,0.011118276069126463,5.325144600981137e-05,0.5325144600981137,0.00478954162306524
high_volatility,1.0,2.0,100.0,0.03531512052442881,0.004199391807029749,0.004207144503691353,7.752696661604032e-06,0.07752696661604032,0.001842745514160925
high_volatility,1.0,5.0,-100.0,0.015315120524428837,0.050557666686574895,0.05068659075451782,0.0001289240679429246,1.2892406794292461,0.0025435537491034213
high_volatility,1.0,5.0,0.0,0.025315120524428837,0.020852092039074895,0.020775009488416735,7.708255065816058e-05,0.7708255065816059,0.003710349720953848
high_volatility,1.0,5.0,100.0,0.03531512052442884,0.005659769293922943,0.005645336587092797,1.4432706830145615e-05,0.14432706830145614,0.0025565715360787882
high_volatility,1.0,10.0,-100.0,0.015315120524428854,0.09018792163701174,0.09016936820559501,1.8553431416726274e-05,0.18553431416726274,0.00020576202080536517
high_volatility,1.0,10.0,0.0,0.025315120524428854,0.030666129712428516,0.030613346653287358,5.278305914115794e-05,0.5278305914115794,0.0017241845440472262
high_volatility,1.0,10.0,100.0,0.03531512052442885,0.0053770709158708985,0.005368925820785283,8.145095085615797e-06,0.08145095085615797,0.001517080950174957
high_volatility,2.0,2.0,-100.0,0.015315120524428924,0.024894234527097547,0.02493386499688219,3.9630469784644046e-05,0.39630469784644046,0.0015894234523849216
high_volatility,2.0,2.0,0.0,0.025315120524428924,0.013931234997621403,0.013965636347531176,3.440134990977291e-05,0.34401349909772905,0.002463285528400167
high_volatility,2.0,2.0,100.0,0.03531512052442892,0.00676176878451971,0.00673948278688899,2.2285997630719714e-05,0.22285997630719714,0.00330678159369662
high_volatility,2.0,5.0,-100.0,0.015315120524428882,0.054460037843751016,0.05434668287476037,0.00011335496899064768,1.1335496899064768,0.0020857753039292097
high_volatility,2.0,5.0,0.0,0.025315120524428882,0.027040544299354322,0.026857419812005175,0.00018312448734914694,1.8312448734914692,0.006818394642187144
high_volatility,2.0,5.0,100.0,0.03531512052442888,0.010654037436919794,0.010523814287417122,0.00013022314950267115,1.3022314950267115,0.012374139826695102
high_volatility,2.0,10.0,-100.0,0.015315120524428882,0.09445971663850788,0.0945833544236013,0.00012363778509341672,1.2363778509341672,0.0013071833394668172
high_volatility,2.0,10.0,0.0,0.025315120524428882,0.04053398093265823,0.040505997904190225,2.7983028468007987e-05,0.27983028468007987,0.0006908366640959419
high_volatility,2.0,10.0,100.0,0.03531512052442888,0.0121791116950993,0.012157022446180268,2.2089248919032398e-05,0.22089248919032398,0.0018169949933729728
high_volatility,5.0,2.0,-100.0,0.015315120524428917,0.02684420918007397,0.02688983862539487,4.56294453209001e-05,0.456294453209001,0.0016969029065800148
high_volatility,5.0,2.0,0.0,0.025315120524428917,0.01719340247737227,0.01714851739801269,4.488507935957939e-05,0.4488507935957939,0.0026174320681962297
high_volatility,5.0,2.0,100.0,0.035315120524428915,0.010052540411632827,0.010055300397816328,2.7599861835009287e-06,0.027599861835009287,0.0002744807289994344
high_volatility,5.0,5.0,-100.0,0.015315120524428875,0.05910972176446057,0.05875841036515815,0.0003513113993024175,3.513113993024175,0.005978912586626643
high_volatility,5.0,5.0,0.0,0.025315120524428875,0.035010067972900856,0.034716418796619915,0.0002936491762809412,2.9364917628094123,0.008458510020899151
high_volatility,5.0,5.0,100.0,0.035315120524428874,0.017771863510553678,0.018227728378176468,0.00045586486762278985,4.558648676227898,0.025009417419703472
high_volatility,5.0,10.0,-100.0,0.015315120524428889,0.10066615307438312,0.10057951143665705,8.664163772606481e-05,0.8664163772606481,0.0008614243247803999
high_volatility,5.0,10.0,0.0,0.02531512052442889,0.054006837723648164,0.05399614719055773,1.0690533090433607e-05,0.10690533090433607,0.00019798696104567721
high_volatility,5.0,10.0,100.0,0.03531512052442889,0.024439234716144998,0.024482221140233504,4.29864240885057e-05,0.429864240885057,0.0017558220654196619
fast_mean_reversion,1.0,2.0,-100.0,0.01531512052442881,0.018858189921865692,0.01885658502765364,1.6048942120538978e-06,0.016048942120538978,8.511054412558169e-05
fast_mean_reversion,1.0,2.0,0.0,0.02531512052442881,0.0037062685778947906,0.00366854121657412,3.772736132067042e-05,0.37727361320670416,0.010284022747303966
fast_mean_reversion,1.0,2.0,100.0,0.03531512052442881,7.567843839271494e-05,7.213454688089055e-05,3.5438915118243954e-06,0.03543891511824396,0.04912890792363488
fast_mean_reversion,1.0,5.0,-100.0,0.015315120524428837,0.04527694661312065,0.04527667437260251,2.722405181426746e-07,0.002722405181426746,6.012820550870909e-06
fast_mean_reversion,1.0,5.0,0.0,0.025315120524428837,0.006138096449370713,0.006144200613067646,6.104163696932577e-06,0.06104163696932577,0.0009934837876143046
fast_mean_reversion,1.0,5.0,100.0,0.03531512052442884,8.253553150762273e-06,8.100399000254386e-06,1.5315415050788645e-07,0.0015315415050788646,0.01890698847094776
fast_mean_reversion,1.0,10.0,-100.0,0.015315120524428854,0.0852209293425253,0.08522092829274239,1.049782913375985e-09,1.049782913375985e-05,1.2318369846546099e-08
fast_mean_reversion,1.0,10.0,0.0,0.025315120524428854,0.007520172033622795,0.007535133491744698,1.4961458121903227e-05,0.14961458121903226,0.001985559796424924
fast_mean_reversion,1.0,10.0,100.0,0.03531512052442885,2.1347896779523472e-08,2.036812234107089e-08,9.79774438452583e-10,9.79774438452583e-06,0.048103326465048606
fast_mean_reversion,2.0,2.0,-100.0,0.015315120524428924,0.018546610066354375,0.018563945299961446,1.7335233607071454e-05,0.17335233607071454,0.0009338119309750098
fast_mean_reversion,2.0,2.0,0.0,0.025315120524428924,0.004558572246051136,0.00449078524317071,6.778700288042651e-05,0.6778700288042651,0.015094688169182108
fast_mean_reversion,2.0,2.0,100.0,0.03531512052442892,0.00022768820505692224,0.0002516382693694556,2.3950064312533366e-05,0.23950064312533367,0.09517655789219347
fast_mean_reversion,2.0,5.0,-100.0,0.015315120524428882,0.044218798592262826,0.04422104534808441,2.2467558215832906e-06,0.022467558215832906,5.080738828985228e-05
fast_mean_reversion,2.0,5.0,0.0,0.025315120524428882,0.007684408260091495,0.007707607018988818,2.3198758897322903e-05,0.23198758897322902,0.0030098523238366154
fast_mean_reversion,2.0,5.0,100.0,0.03531512052442888,7.689181111230141e-05,7.932553611182546e-05,2.4337249995240473e-06,0.02433724999524047,0.030680221260568824
fast_mean_reversion,2.0,10.0,-100.0,0.015315120524428882,0.08311770128771992,0.08311779131346723,9.00257473152033e-08,0.000900257473152033,1.0831104375197323e-06
fast_mean_reversion,2.0,10.0,0.0,0.025315120524428882,0.0094528713079319,0.009473871061214964,2.0999753283063374e-05,0.20999753283063374,0.002216596906098307
fast_mean_reversion,2.0,10.0,100.0,0.03531512052442888,1.9507466806685916e-06,1.916044169680876e-06,3.4702510987715656e-08,0.0003470251098771566,0.018111540191422353
fast_mean_reversion,5.0,2.0,-100.0,0.015315120524428917,0.01755111837301988,0.017528700768318018,2.241760470186177e-05,0.2241760470186177,0.0012789085168468462
fast_mean_reversion,5.0,2.0,0.0,0.025315120524428917,0.005149208587958679,0.005082321153162683,6.688743479599593e-05,0.6688743479599593,0.013160804439595967
fast_mean_reversion,5.0,2.0,100.0,0.035315120524428915,0.0005790599726199639,0.0005503616286664728,2.8698343953491084e-05,0.28698343953491084,0.052144521817458864
fast_mean_reversion,5.0,5.0,-100.0,0.015315120524428875,0.04121514967975859,0.04121573105433784,5.81374579249061e-07,0.00581374579249061,1.4105647634457596e-05
fast_mean_reversion,5.0,5.0,0.0,0.025315120524428875,0.008740998056512366,0.008775825288315022,3.482723180265636e-05,0.34827231802656355,0.00396854206396163
fast_mean_reversion,5.0,5.0,100.0,0.035315120524428874,0.0002765062108783402,0.0002831789356805481,6.672724802207883e-06,0.06672724802207883,0.02356363401879344
fast_mean_reversion,5.0,10.0,-100.0,0.015315120524428889,0.07712443860608474,0.07712399934572116,4.3926036358277187e-07,0.004392603635827719,5.695508107842206e-06
fast_mean_reversion,5.0,10.0,0.0,0.02531512052442889,0.01070835206846805,0.010750207214842053,4.185514637400356e-05,0.4185514637400356,0.0038934269393632813
fast_mean_reversion,5.0,10.0,100.0,0.03531512052442889,2.073467848904178e-05,2.1079070572366984e-05,3.443920833252037e-07,0.003443920833252037,0.01633810571215008
weak_correlation,1.0,2.0,-100.0,0.01531512052442881,0.021681737624347792,0.021690516060495973,8.778436148181024e-06,0.08778436148181024,0.00040471310704169095
weak_correlation,1.0,2.0,0.0,0.02531512052442881,0.009514289275638266,0.009527778624127334,1.3489348489067673e-05,0.13489348489067673,0.0014157915523885492
weak_correlation,1.0,2.0,100.0,0.03531512052442881,0.0029812240078631613,0.002976206058910098,5.01794895306322e-06,0.0501794895306322,0.0016860220205656118
weak_correlation,1.0,5.0,-100.0,0.015315120524428837,0.04888906006897874,0.048835632444395656,5.342762458308142e-05,0.5342762458308142,0.0010940295417268162
weak_correlation,1.0,5.0,0.0,0.025315120524428837,0.017715616475781674,0.017867477633008805,0.00015186115722713028,1.5186115722713027,0.008499305853142828
weak_correlation,1.0,5.0,100.0,0.03531512052442884,0.0037097181032787834,0.003745936579223821,3.6218475945037475e-05,0.36218475945037476,0.009668737091256934
weak_correlation,1.0,10.0,-100.0,0.015315120524428854,0.08753242827554658,0.08755014515308104,1.7716877534462716e-05,0.17716877534462716,0.00020236262890809415
weak_correlation,1.0,10.0,0.0,0.025315120524428854,0.02485470484632478,0.024952262975937327,9.755812961254745e-05,0.9755812961254745,0.003909790855708257
weak_correlation,1.0,10.0,100.0,0.03531512052442885,0.002621078861246438,0.002653554654580791,3.2475793334352764e-05,0.32475793334352765,0.012238599750824915
weak_correlation,2.0,2.0,-100.0,0.015315120524428924,0.023279304021377206,0.023266186777251834,1.3117244125372685e-05,0.13117244125372685,0.0005637900293226337
weak_correlation,2.0,2.0,0.0,0.025315120524428924,0.011962853690243837,0.011995383057136532,3.2529366892694936e-05,0.32529366892694933,0.0027118239357385022
weak_correlation,2.0,2.0,100.0,0.03531512052442892,0.005029144713562397,0.005047416734720433,1.8272021158035993e-05,0.18272021158035995,0.0036200738156501847
weak_correlation,2.0,5.0,-100.0,0.015315120524428882,0.051073714139198804,0.05116124310854419,8.752896934538512e-05,0.8752896934538512,0.0017108452419672996
weak_correlation,2.0,5.0,0.0,0.025315120524428882,0.022581518633386886,0.022717769322324083,0.00013625068893719644,1.3625068893719643,0.005997538182734644
weak_correlation,2.0,5.0,100.0,0.03531512052442888,0.007394159873567318,0.00728667413552819,0.00010748573803912812,1.0748573803912813,0.014751001079498224
weak_correlation,2.0,10.0,-100.0,0.015315120524428882,0.08910355092889244,0.08908138004070444,2.2170888187997284e-05,0.22170888187997284,0.00024888352849794894
weak_correlation,2.0,10.0,0.0,0.025315120524428882,0.03198661889222059,0.03204826621193081,6.164731971022158e-05,0.6164731971022158,0.0019235773724093613
weak_correlation,2.0,10.0,100.0,0.03531512052442888,0.006544185583140108,0.0065645956429421426,2.0410059802034204e-05,0.20410059802034203,0.0031091114993469352
weak_correlation,5.0,2.0,-100.0,0.015315120524428917,0.02424862054936642,0.024236768951300294,1.1851598066124625e-05,0.11851598066124625,0.0004889924927674318
weak_correlation,5.0,2.0,0.0,0.025315120524428917,0.014223320438521795,0.014215475262126485,7.845176395309197e-06,0.07845176395309197,0.0005518757727510295
weak_correlation,5.0,2.0,100.0,0.035315120524428915,0.0073700366365804576,0.007370272626407277,2.3598982681980601e-07,0.00235989826819806,3.20191448514764e-05
weak_correlation,5.0,5.0,-100.0,0.015315120524428875,0.05253436432032328,0.0524973348460807,3.7029474242583627e-05,0.37029474242583627,0.0007053591263471186
weak_correlation,5.0,5.0,0.0,0.025315120524428875,0.027493729090596095,0.027478303438597387,1.5425651998707962e-05,0.15425651998707962,0.0005613757062250185
weak_correlation,5.0,5.0,100.0,0.035315120524428874,0.011949320498555535,0.011901074574898531,4.824592365700389e-05,0.4824592365700389,0.004053913228874564
weak_correlation,5.0,10.0,-100.0,0.015315120524428889,0.08891935087833079,0.08904644299328525,0.00012709211495445794,1.2709211495445794,0.001427256504384365
weak_correlation,5.0,10.0,0.0,0.02531512052442889,0.039553413146005384,0.03953181974446775,2.159340153763678e-05,0.2159340153763678,0.0005462283719094073
weak_correlation,5.0,10.0,100.0,0.03531512052442889,0.012884283879339296,0.012819193202937961,6.509067640133454e-05,0.6509067640133454,0.0050775953970657655
